Name,SMILES,MolWt,NumAtoms,NumBonds,HeavyAtoms,RotatableBonds,RingCount,AromaticRings,TPSA,MolMR,FractionCSP3,HDonors,HAcceptors,Heteroatoms,NOCount,NHOHCount,AliphaticRings,AromaticHeterocycles,SaturatedRings,ValenceElectrons,MaxPartialCharge,LogP,MinPartialCharge,MaxAbsPartialCharge,MinAbsPartialCharge,BalabanJ,BertzCT,Chi0,Chi1,Kappa1,Kappa2
Tetrafluoroethylene,C(=C(F)F)(F)F,100.01400000000001,6,5,6,0,0,0,0.0,11.458000000000002,0.0,0,0,4,0,0,0,0,0,36,0.33445026040008086,1.9909999999999997,-0.16722513020004043,0.33445026040008086,0.16722513020004043,3.675948764555208,55.617270614347476,5.1547005383792515,2.6427344100918364,5.46,1.7910255068496828
Vinylidene fluoride,C=C(F)F,64.034,4,3,4,0,0,0,0.0,11.356000000000002,0.0,0,0,2,0,0,0,0,0,24,0.26268886702657623,1.3965999999999998,-0.1741045340758478,0.26268886702657623,0.1741045340758478,2.8030394876740514,27.019550008653873,3.5773502691896257,1.7320508075688772,3.6000000000000005,0.9846153846153846
Chlorotrifluoroethylene,C(=C(F)Cl)(F)F,116.46900000000001,6,5,6,0,0,0,0.0,16.203,0.0,0,0,4,0,0,0,0,0,36,0.3169868281501571,2.2603,-0.1875155458067531,0.3169868281501571,0.1875155458067531,3.675948764555208,58.862383112184006,5.1547005383792515,2.6427344100918364,5.819999999999999,2.0764802021704987
Hexafluoropropene,C(=C(F)F)(C(F)(F)F)F,150.021,9,8,9,0,0,0,0.0,16.405,0.3333333333333333,0,0,6,0,0,0,0,0,54,0.4479927713030211,2.6262999999999996,-0.19573757180923523,0.4479927713030211,0.19573757180923523,4.399515870465617,125.72862410467503,7.6547005383792515,3.8540592754970233,8.32,2.2816676447452213
Perfluoropropyl vinyl ether,C=COC(C(C(F)(F)F)(F)F)(F)F,212.06399999999996,13,12,13,3,0,0,9.23,27.231,0.6,0,1,8,1,0,0,0,0,78,0.4732349628616023,2.9369000000000005,-0.4363767938350514,0.4732349628616023,0.4363767938350514,4.906301829129689,193.5498076227083,10.914213562373096,5.560660171779821,12.049999999999999,3.0754200508401004
Trifluoromethacrylic acid,C=C(C(=O)O)C(F)(F)F,140.06,9,8,9,1,0,0,37.3,22.830799999999996,0.25,1,1,5,2,1,0,0,0,52,0.4222975455345759,1.1895,-0.4776498666114047,0.4776498666114047,0.4222975455345759,4.232428370576883,146.38196255841365,7.6547005383792515,3.8540592754970238,8.0,2.0826446280991737
"2,2,2-Trifluoroethanol",C(C(F)(F)F)O,100.039,6,5,6,0,0,0,20.23,13.140800000000002,1.0,1,1,4,1,1,0,0,0,38,0.41100300461617556,0.5410000000000001,-0.38694577075923503,0.41100300461617556,0.38694577075923503,3.168489872670569,38.54808140664299,5.207106781186548,2.5606601717798214,5.75,1.4660493827160495
Caprolactam,C1CCC(=O)NCC1,113.16,8,8,8,0,1,0,29.1,31.477699999999988,0.8333333333333334,1,1,2,2,1,1,0,1,46,0.21949405032902752,0.6766000000000001,-0.3561070295708626,0.3561070295708626,0.21949405032902752,2.26669651519302,80.52932501298082,5.819990956308912,3.893846850117352,5.603868808567603,2.6984359410043637
Adipic acid,C(CCC(=O)O)CC(=O)O,146.142,10,9,10,5,0,0,74.6,33.73959999999999,0.6666666666666666,2,2,4,4,2,0,0,0,58,0.302839787989633,0.716,-0.4812303886150306,0.4812303886150306,0.302839787989633,3.0550899395377584,113.70950594454669,7.983127663125442,4.625897657686229,8.94,4.784806790484913
Hexamethylenediamine,C(CCCN)CCN,116.20800000000001,8,7,8,5,0,0,52.04,36.57679999999999,1.0,2,2,2,2,4,0,0,0,50,-0.0077275401608168015,0.4642000000000001,-0.3304735039378873,0.3304735039378873,0.0077275401608168015,2.53006045688352,31.509775004326936,6.242640687119286,3.914213562373095,7.919999999999998,6.92
Ethylenediamine,C(CN)N,60.09999999999999,4,3,4,1,0,0,52.04,18.108800000000006,1.0,2,2,2,2,4,0,0,0,26,0.004613277480336551,-1.0961999999999998,-0.3292161911466984,0.3292161911466984,0.004613277480336551,1.9747448713915894,6.0,3.414213562373095,1.914213562373095,3.9200000000000004,2.92
m-Phenylenediamine,C1=CC(=CC(=C1)N)N,108.144,8,8,8,0,1,1,52.04,35.26679999999998,0.0,2,2,2,2,4,0,0,0,42,0.03341424969957052,0.851,-0.3986672494363507,0.3986672494363507,0.03341424969957052,3.077660437970554,166.38833891467198,5.983127663125442,3.7876937002347035,4.966627565982405,1.7381205361963379
p-Phenylenediamine,C1=CC(=CC=C1N)N,108.144,8,8,8,0,1,1,52.04,35.26679999999998,0.0,2,2,2,2,4,0,0,0,42,0.031499427610448376,0.8510000000000002,-0.3987267865528651,0.3987267865528651,0.031499427610448376,3.032455532033676,145.38833891467198,5.983127663125442,3.7876937002347035,4.966627565982405,1.7381205361963379
Trimesoyl chloride,C1=C(C=C(C=C1C(=O)Cl)C(=O)Cl)C(=O)Cl,265.479,15,15,15,3,1,1,51.21,56.99250000000001,0.0,0,3,6,3,0,0,0,0,78,0.25193464165891394,2.8236000000000008,-0.2756141747328093,0.2756141747328093,0.25193464165891394,3.3873800754533514,374.9086863811507,11.585421958697397,6.913591357920932,12.1709219858156,4.747335461993514
Isophthaloyl chloride,C1=CC(=CC(=C1)C(=O)Cl)C(=O)Cl,203.02399999999997,12,12,12,2,1,1,34.14,46.809000000000005,0.0,0,2,4,2,0,0,0,0,62,0.2519099133388156,2.4446000000000003,-0.2756145984999215,0.2756145984999215,0.2519099133388156,3.121805775248301,304.33467465916425,9.137828201504693,5.6090609052806215,9.229766606822263,3.6955458608251655
Piperazine,C1CNCCN1,86.138,6,6,6,0,1,0,24.06,25.739399999999993,1.0,2,2,2,2,2,1,0,1,36,0.0077229764777765044,-0.8208,-0.31420575344972834,0.31420575344972834,0.0077229764777765044,2.0,21.019550008653873,4.242640687119286,3.0,4.088918918918919,2.157216946676406
Bisphenol A,CC(C)(C1=CC=C(C=C1)O)C2=CC=C(C=C2)O,228.291,17,18,17,2,2,2,40.46,68.34160000000003,0.2,2,2,2,2,2,0,0,0,88,0.11509593466592735,3.4237000000000024,-0.5079666362160915,0.5079666362160915,0.11509593466592735,2.412580781491558,447.94995845416787,12.466255326250886,7.998037131279782,11.523205950211755,4.130982583104699
Bisphenol F,C1=CC(=CC=C1CC2=CC=C(C=C2)O)O,200.237,15,16,15,2,2,2,40.46,59.01960000000003,0.07692307692307693,2,2,2,2,2,0,0,0,76,0.11509522304448994,2.688600000000002,-0.5079666421305538,0.5079666421305538,0.11509522304448994,2.146711375618202,385.5980616534615,10.673362107437432,7.237183443017882,9.589508526716505,4.0479090459713305
Terephthalic acid,C1=CC(=CC=C1C(=O)O)C(=O)O,166.13199999999998,12,12,12,2,1,1,74.6,40.3606,0.0,2,2,4,4,2,0,0,0,62,0.3351790279638539,1.083,-0.477639246419649,0.477639246419649,0.3351790279638539,3.0061498337295465,279.33467465916425,9.137828201504693,5.6090609052806215,8.258425196850395,3.0419304797471987
Dimethyl terephthalate,COC(=O)C1=CC=C(C=C1)C(=O)OC,194.18599999999998,14,14,14,2,1,1,52.60000000000001,49.12100000000002,0.2,0,4,4,4,0,0,0,0,74,0.33734222015680104,1.2597999999999998,-0.4654175190338801,0.4654175190338801,0.33734222015680104,2.8864821283777804,304.64456038916694,10.55204176387779,6.685070510202191,10.242236842105264,4.411323399666699
Isophthalic acid,C1=CC(=CC(=C1)C(=O)O)C(=O)O,166.13199999999998,12,12,12,2,1,1,74.6,40.3606,0.0,2,2,4,4,2,0,0,0,62,0.33520479982520107,1.083,-0.47763896896100383,0.47763896896100383,0.33520479982520107,3.121805775248301,300.33467465916425,9.137828201504693,5.6090609052806215,8.258425196850395,3.0419304797471987
Ethylene glycol,C(CO)O,62.068000000000005,4,3,4,1,0,0,40.46,14.171600000000002,1.0,2,2,2,2,2,0,0,0,26,0.06622663964681728,-1.029,-0.3939905415754596,0.3939905415754596,0.06622663964681728,1.9747448713915894,6.0,3.414213562373095,1.914213562373095,3.9200000000000004,2.92
"1,4-butanediol",C(CCO)CO,90.122,6,5,6,3,0,0,40.46,23.405599999999996,1.0,2,2,2,2,2,0,0,0,38,0.04313700838996922,-0.24880000000000002,-0.3963750384086942,0.3963750384086942,0.04313700838996922,2.3390923149762908,17.509775004326936,4.82842712474619,2.914213562373095,5.92,4.920000000000001
Neopentyl glycol,CC(C)(CO)CO,104.14899999999999,7,6,7,2,0,0,40.46,27.95259999999999,1.0,2,2,2,2,2,0,0,0,44,0.05035781720468142,-0.0028000000000000247,-0.3957293965497394,0.3957293965497394,0.05035781720468142,3.3604351426960584,44.041843979966416,5.914213562373096,3.121320343559643,6.92,2.28455463728191
Carbonyl dichloride,C(=O)(Cl)Cl,98.916,4,3,4,0,0,0,17.07,17.101999999999997,0.0,0,1,3,1,0,0,0,0,24,0.3130438328830007,1.584,-0.26221518073891376,0.3130438328830007,0.26221518073891376,2.8030394876740514,29.019550008653873,3.5773502691896257,1.7320508075688772,4.25,1.5576923076923077
Diphenyl carbonate,C1=CC=C(C=C1)OC(=O)OC2=CC=CC=C2,214.22,16,17,16,2,2,2,35.53,59.53600000000003,0.0,0,3,3,3,0,0,0,0,80,0.5189243309988207,3.264400000000001,-0.39471884462288653,0.5189243309988207,0.39471884462288653,1.9521941477943934,407.6186271235691,11.217332181807452,7.84333659290053,10.235362076049029,4.97865194117306
Acrylic acid,C=CC(=O)O,72.06299999999999,5,4,5,1,0,0,37.3,17.8328,0.0,1,1,2,2,1,0,0,0,28,0.32719811224525835,0.25699999999999995,-0.4780891485530972,0.4780891485530972,0.32719811224525835,3.204805417886435,55.91340299823497,4.284457050376173,2.270055610029662,4.21,1.5215264797507788
Methacrylic acid,CC(=C)C(=O)O,86.08999999999999,6,5,6,1,0,0,37.3,22.449799999999993,0.25,1,1,2,2,1,0,0,0,34,0.3301633832338257,0.6471,-0.4778969618559836,0.4778969618559836,0.3301633832338257,3.567703455043203,71.5488750216347,5.1547005383792515,2.6427344100918364,5.21,1.5981469637969208
Methyl methacrylate,CC(=C)C(=O)OC,100.11699999999999,7,6,7,1,0,0,26.3,26.829999999999988,0.4,0,2,2,2,0,0,0,0,40,0.3323269847170088,0.7355,-0.4656747792521672,0.4656747792521672,0.3323269847170088,3.577919926272439,94.25327665163482,5.861807319565799,3.1807392125526213,6.210000000000001,2.394521355353814
Acrylamide,C=CC(=O)N,71.07900000000001,5,4,5,1,0,0,43.09,19.3914,0.0,1,1,2,2,2,0,0,0,28,0.2402973983266299,-0.3423,-0.36613333016051547,0.36613333016051547,0.2402973983266299,3.204805417886435,57.91340299823497,4.284457050376173,2.270055610029662,4.21,1.5215264797507788
Methacrylamide,CC(=C)C(=O)N,85.10600000000001,6,5,6,1,0,0,43.09,24.008399999999995,0.25,1,1,2,2,2,0,0,0,34,0.24323298431399148,0.047800000000000176,-0.36590560089924057,0.36590560089924057,0.24323298431399148,3.567703455043203,73.5488750216347,5.1547005383792515,2.6427344100918364,5.21,1.5981469637969208
Ethyl acrylate,CCOC(=O)C=C,100.11699999999999,7,6,7,2,0,0,26.3,26.829999999999988,0.4,0,2,2,2,0,0,0,0,40,0.3296277829557422,0.7355,-0.46284039207159905,0.46284039207159905,0.3296277829557422,3.172899533850818,76.14933958998697,5.698670612749268,3.308060412490447,6.210000000000001,3.401938579654511
Butyl acrylate,CCCCOC(=O)C=C,128.17099999999996,9,8,9,4,0,0,26.3,36.06399999999999,0.5714285714285714,0,2,2,2,0,0,0,0,52,0.32963787572973874,1.5157,-0.4625463670064307,0.4625463670064307,0.32963787572973874,3.0655033793880806,97.089273230246,7.112884175122364,4.308060412490447,8.210000000000003,5.348696255201112
2-Ethylhexyl acrylate,CCCCC(CC)COC(=O)C=C,184.27899999999997,13,12,13,7,0,0,26.3,54.46200000000004,0.7272727272727273,0,2,2,2,0,0,0,0,76,0.3296480407749041,2.9320000000000013,-0.4622508772042368,0.4622508772042368,0.3296480407749041,3.5789305606878026,152.16926858274718,10.104448006685086,6.239912065068584,12.21,7.838370161539696
Hydroxyethyl methacrylate,CC(=C)C(=O)OCCO,130.143,9,8,9,3,0,0,46.53,32.85879999999999,0.5,1,3,3,3,1,0,0,0,52,0.3326871219576966,0.09800000000000003,-0.4599096119587887,0.4599096119587887,0.3326871219576966,3.3940489484742136,117.47138037474598,7.276020881938895,4.180739212552622,8.17,4.0892660852838025
Hydroxypropyl acrylate,CC(CO)O.C=CC(=O)O,148.158,10,8,10,2,0,0,77.76,36.599399999999996,0.5,3,3,4,4,3,0,0,0,60,0.32719811224525835,-0.3835,-0.4780891485530972,0.4780891485530972,0.32719811224525835,0.0,97.9209386162151,8.568914100752346,4.540111220059324,11.870603774030277,8.129999999999997
Acrylonitrile,C=CC#N,53.06399999999999,4,3,4,0,0,0,23.79,15.81,0.0,0,1,1,1,0,0,0,0,20,0.09053137537380465,0.6959799999999999,-0.19312126078672762,0.19312126078672762,0.09053137537380465,2.9217836800202113,48.793987519471216,3.414213562373095,1.914213562373095,3.2299999999999995,2.23
Methacrylonitrile,CC(=C)C#N,67.09100000000001,5,4,5,0,0,0,23.79,20.426999999999992,0.25,0,1,1,1,0,0,0,0,26,0.09373746952998264,1.08608,-0.19282841545351898,0.19282841545351898,0.09373746952998264,3.348800763644439,76.13896548741764,4.284457050376173,2.270055610029662,4.230000000000002,1.5395975232198151
Epichlorohydrin,C1C(O1)CCl,92.525,5,5,5,1,1,0,12.53,20.459999999999994,1.0,0,1,2,1,0,1,0,1,30,0.09443704728685037,0.624,-0.3718344373926424,0.3718344373926424,0.09443704728685037,1.998939485178898,33.87430298092722,3.698670612749268,2.4318516525781364,3.4404761904761907,1.1492
Bisphenol A diglycidyl ether,CC(C)(C1=CC=C(C=C1)OCC2CO2)C3=CC=C(C=C3)OCC4CO4,340.4190000000001,25,28,25,8,4,2,43.519999999999996,95.48200000000006,0.42857142857142855,0,4,4,4,0,2,0,2,132,0.11895859086927381,3.567700000000002,-0.49079586312144724,0.49079586312144724,0.11895859086927381,1.412414127527279,636.1808377852377,17.27781011412252,12.109322916611436,16.429607147181514,6.6951835052370585
Glycidyl methacrylate,CC(=C)C(=O)OCC1CO1,142.154,10,10,10,3,1,0,38.83,35.513,0.5714285714285714,0,3,3,3,0,1,0,1,56,0.3326995917583886,0.5045000000000001,-0.4594918680477396,0.4594918680477396,0.3326995917583886,2.107751696006494,158.23415450316318,7.560477932315068,4.698377302757663,7.279051254089422,2.8358235933154585
Pyromellitic dianhydride,C1=C2C(=CC3=C1C(=O)OC3=O)C(=O)OC2=O,218.11999999999995,16,18,16,0,3,3,94.56,53.43799999999999,0.0,0,6,6,6,0,0,2,0,78,0.34643150095926384,-0.5045999999999998,-0.3856563910770582,0.3856563910770582,0.34643150095926384,2.7986395701748545,769.6521153807564,11.447229278263197,7.575387400469406,8.779916753381894,2.5422914263744714
Oxydianiline,C1=CC(=CC=C1N)OC2=CC=C(C=C2)N,200.241,15,16,15,2,2,2,61.269999999999996,61.78280000000001,0.0,2,3,3,3,4,0,0,0,76,0.12707972474727325,2.643299999999999,-0.4573792324887019,0.4573792324887019,0.12707972474727325,2.1467113756182017,390.6842279806418,10.673362107437434,7.237183443017882,9.3971519262254,3.9196606578585556
"3,3'-Diaminobenzidine",C1=CC(=C(C=C1C2=CC(=C(C=C2)N)N)N)N,214.27199999999996,16,17,16,1,2,2,104.08,69.5276,0.0,4,4,4,4,8,0,0,0,82,0.05535098760486729,1.6824000000000008,-0.39706199269289305,0.39706199269289305,0.05535098760486729,2.502080374374622,485.03712407405914,11.706742302257041,7.57538740046941,10.167785242915583,3.6571141960017908
Trimellitic anhydride,C1=CC2=C(C=C1C(=O)O)C(=O)OC2=O,192.12599999999995,14,15,14,1,2,1,80.66999999999999,43.1473,0.0,1,4,5,5,1,1,0,0,70,0.34643066940318196,0.6954,-0.4776389647179754,0.4776389647179754,0.34643066940318196,2.6076190147194995,460.2701600541334,10.292528739883945,6.592224152875015,8.429238558789956,2.661276897501684
Benzophenone tetracarboxylic dianhydride,C1=CC2=C(C=C1C(=O)C3=CC4=C(C=C3)C(=O)OC4=O)C(=O)OC2=O,322.22800000000007,24,27,24,2,4,2,103.81,75.80850000000002,0.0,0,7,7,7,0,2,0,0,116,0.34642852968645566,1.5388000000000002,-0.3856566919980714,0.3856566919980714,0.34642852968645566,1.7570886767985143,920.4938050961462,17.007707210578268,11.452397498181153,14.01239593662566,4.690620931678631
Toluene diisocyanate,CC1=C(C=C(C=C1)N=C=O)N=C=O,174.159,13,13,13,2,1,1,58.86,46.74200000000002,0.1111111111111111,0,4,4,4,0,0,0,0,64,0.24001812834621108,1.92962,-0.2109686132642379,0.24001812834621108,0.2109686132642379,3.2503947748121873,413.62292024010196,9.681798275874712,6.274386907679233,9.071074681238617,4.117834347453239
Isophorone diisocyanate,CC1(CC(CC(C1)(C)CN=C=O)N=C=O)C,222.28799999999998,16,16,16,3,1,0,58.86,60.63700000000004,0.8333333333333334,0,4,4,4,0,1,0,1,88,0.23472652621182352,2.2430000000000003,-0.2113796383837377,0.23472652621182352,0.2113796383837377,2.854455780958164,352.0302611774938,12.234204518682008,7.406725386731055,12.827750677506776,4.731534385813148
Hexamethylene diisocyanate,C(CCCN=C=O)CCN=C=O,168.19599999999997,12,11,12,7,0,0,58.86,44.44500000000002,0.75,0,4,4,4,0,0,0,0,66,0.23443646730904832,1.2184000000000001,-0.21137999289778484,0.23443646730904832,0.21137999289778484,2.9974864403370556,169.23454122869498,9.071067811865477,5.914213562373096,10.760000000000002,9.759999999999998
Methylene diphenyl diisocyanate,C1=CC(=CC=C1CC2=CC=C(C=C2)N=C=O)N=C=O,250.25699999999998,19,20,19,4,2,2,58.86,71.25300000000001,0.06666666666666667,0,4,4,4,0,0,0,0,92,0.2400070161719085,3.2120000000000024,-0.21096862325522897,0.2400070161719085,0.21096862325522897,2.114654076705273,588.0498592306847,13.501789232183624,9.313193047939452,12.651595457003785,6.218910802694586
"4,4'-Diaminodiphenyl methane",C1=CC(=CC=C1CC2=CC=C(C=C2)N)N,198.26899999999998,15,16,15,2,2,2,52.04,64.51480000000002,0.07692307692307693,2,2,2,2,4,0,0,0,76,0.03136797941459703,2.4418,-0.3987285599838353,0.3987285599838353,0.03136797941459703,2.146711375618202,385.5980616534615,10.673362107437432,7.237183443017882,9.589508526716505,4.0479090459713305
Diphenyl sulfone,C1=CC=C(C=C1)S(=O)(=O)C2=CC=CC=C2,218.277,15,16,15,2,2,2,34.14,58.335800000000035,0.0,0,2,3,2,0,0,0,0,76,0.2060866263500249,2.519400000000001,-0.21851432551830632,0.21851432551830632,0.2060866263500249,2.5505014056299604,484.8495069839023,10.72576835024473,7.210343431045079,9.926624682900304,3.86619987968792
"4,4'-Dichlorodiphenyl sulfone",C1=CC(=CC=C1S(=O)(=O)C2=CC=C(C=C2)Cl)Cl,287.16700000000003,17,18,17,2,2,2,34.14,68.35580000000003,0.0,0,2,5,2,0,0,0,0,88,0.20609013069488472,3.826200000000002,-0.21851429795055316,0.21851429795055316,0.20609013069488472,2.496128967193728,565.0601341830188,12.466255326250886,7.998037131279782,12.427530343158178,4.685732888276506
Bisphenol S,C1=CC(=CC=C1O)S(=O)(=O)C2=CC=C(C=C2)O,250.27499999999998,17,18,17,2,2,2,74.6,61.665400000000034,0.0,2,4,5,4,2,0,0,0,88,0.20609584249468893,1.9305999999999996,-0.5079655549324401,0.5079655549324401,0.20609584249468893,2.4961289671937283,561.0601341830188,12.466255326250886,7.998037131279782,11.47466814585883,4.101809822106994
Sulfanilic acid,C1=CC(=CC=C1N)S(=O)(=O)O,173.19299999999998,11,11,11,1,1,1,80.39,40.669000000000004,0.0,2,3,5,4,3,0,0,0,60,0.29401305934407607,0.5154999999999998,-0.39872771313977395,0.39872771313977395,0.29401305934407607,3.2015159310664942,340.5950744935719,8.483127663125442,4.999018565639891,8.030704934541792,2.5192903206703843
Oxirane,C1CO1,44.053,3,3,3,0,1,0,12.53,10.819,1.0,0,1,1,1,0,1,0,1,18,0.07011439546557022,0.016600000000000004,-0.37666763607345255,0.37666763607345255,0.07011439546557022,2.25,7.509775004326937,2.121320343559643,1.5,1.297837837837838,0.20616508400292186
Propylene oxide,CC1CO1,58.08,4,4,4,0,1,0,12.53,15.414000000000001,1.0,0,1,1,1,0,1,0,1,24,0.07814240064803764,0.4051,-0.3734316083657115,0.3734316083657115,0.07814240064803764,2.171098317873574,22.464393446710154,2.9915638315627207,1.893846850117352,2.212525252525253,0.4622112382934443
Tetrahydrofuran,C1CCOC1,72.107,5,5,5,0,1,0,9.23,20.052999999999997,1.0,0,1,1,1,0,1,0,1,30,0.046638169849841704,0.7968,-0.3814493819627182,0.3814493819627182,0.046638169849841704,2.083333333333333,15.219280948873621,3.5355339059327378,2.5,3.1616129032258065,1.4103121748178982
Glycerol,C(C(CO)O)O,92.09399999999998,6,5,6,2,0,0,60.69,20.178400000000003,1.0,3,3,3,3,3,0,0,0,38,0.10004702601723478,-1.6681000000000001,-0.3935933161206694,0.3935933161206694,0.10004702601723478,2.754184786037662,25.219280948873624,4.99156383156272,2.808060412490447,5.88,3.0849180327868857
Sorbitol,C(C(C(C(C(CO)O)O)O)O)O,182.172,12,11,12,5,0,0,121.38000000000001,38.19879999999999,1.0,6,6,6,6,6,0,0,0,74,0.11057860653131252,-3.585399999999998,-0.393579134968567,0.393579134968567,0.11057860653131252,3.985164450858579,104.6059378176129,9.723614639131597,5.540111220059325,11.760000000000002,5.413461330448892
"N,N-Dimethylacrylamide",CN(C)C(=O)C=C,99.13299999999998,7,6,7,1,0,0,20.310000000000002,28.890999999999988,0.4,0,1,2,2,0,0,0,0,40,0.2449359002565977,0.26059999999999994,-0.34530253786745047,0.34530253786745047,0.2449359002565977,3.562773532528384,86.08094399727418,5.861807319565799,3.1807392125526213,6.210000000000001,2.394521355353814
Vinyl acetate,CC(=O)OC=C,86.09,6,5,6,1,0,0,26.3,21.96299999999999,0.25,0,2,2,2,0,0,0,0,34,0.30691520483941015,0.693,-0.4353234316490274,0.4353234316490274,0.30691520483941015,3.046489080910934,65.94833690207419,4.99156383156272,2.770055610029662,5.21,2.4475296912114013
Vinyl chloride,C=CCl,62.498999999999995,3,2,3,0,0,0,0.0,16.05,0.0,0,0,1,0,0,0,0,0,18,-0.0029594085237178614,1.3687,-0.09359791565319732,0.09359791565319732,0.0029594085237178614,2.1874960973678963,10.264662506490405,2.7071067811865475,1.4142135623730951,3.0300000000000002,2.0299999999999994
Vinyl alcohol,C=CO,44.053,3,2,3,0,0,0,20.23,12.825800000000001,0.0,1,1,1,1,1,0,0,0,18,0.07193472871452725,0.6879,-0.5162162085527368,0.5162162085527368,0.07193472871452725,2.1874960973678963,10.264662506490405,2.7071067811865475,1.4142135623730951,2.54,1.54
Vinylpyrrolidone,C=CN1CCCC1=O,111.14399999999999,8,8,8,1,1,0,20.310000000000002,31.143999999999988,0.5,0,1,2,2,0,1,0,1,44,0.22605511745911974,0.7523,-0.3196712290418209,0.3196712290418209,0.22605511745911974,2.53668197930634,119.69694286392861,5.983127663125442,3.842535255101096,5.348696255201109,1.9872284056064253
Vinylidene chloride,C=C(Cl)Cl,96.944,4,3,4,0,0,0,0.0,20.845999999999997,0.0,0,0,2,0,0,0,0,0,24,0.09918403887268369,1.9352,-0.07155530834151903,0.09918403887268369,0.07155530834151903,2.8030394876740514,27.019550008653873,3.5773502691896257,1.7320508075688772,4.320000000000001,1.621204819277109
Styrene,C=CC1=CC=CC=C1,104.15199999999997,8,8,8,1,1,1,0.0,36.53300000000001,0.0,0,0,0,0,0,0,0,0,40,-0.02625578937784246,2.3296,-0.09847005004016512,0.09847005004016512,0.02625578937784246,2.9910469146846212,162.65300142116237,5.819990956308912,3.931851652578137,5.10367816091954,2.3141072195146584
Maleic anhydride,C1=CC(=O)OC1=O,98.05699999999999,7,7,7,0,1,0,43.370000000000005,20.238999999999997,0.0,0,3,3,3,0,1,0,0,36,0.33839144454168263,-0.3740000000000001,-0.38657527747879944,0.38657527747879944,0.33839144454168263,2.759543614305127,129.013897004163,5.276020881938894,3.287693700234704,4.050068027210885,1.1831255636579145
Fumaric acid,C(=CC(=O)O)C(=O)O,116.07199999999997,8,7,8,2,0,0,74.6,24.411599999999993,0.0,2,2,4,4,2,0,0,0,44,0.32806586375914176,-0.28819999999999985,-0.4780707501605797,0.4780707501605797,0.32806586375914176,3.668626461933803,118.97373660251154,6.568914100752346,3.625897657686229,6.68,2.7879637132919783
Maleimide,C1=CC(=O)NC1=O,97.07299999999998,7,7,7,0,1,0,46.17,22.2897,0.0,1,2,3,3,1,1,0,0,36,0.2504924587549945,-0.8010000000000002,-0.2892148012728285,0.2892148012728285,0.2504924587549945,2.759543614305127,131.76878450632645,5.276020881938894,3.287693700234704,4.050068027210885,1.1831255636579145
Itaconic acid,C=C(CC(=O)O)C(=O)O,130.099,9,8,9,3,0,0,74.6,29.02859999999999,0.2,2,2,4,4,2,0,0,0,50,0.33104999328821094,0.10189999999999988,-0.4809831571808089,0.4809831571808089,0.33104999328821094,3.788427600543414,158.34093004940024,7.439157588755425,4.0365812602091875,7.68,2.860445539297925
Crotonic acid,CC=CC(=O)O,86.08999999999999,6,5,6,1,0,0,37.3,22.449799999999993,0.25,1,1,2,2,1,0,0,0,34,0.3274650062275723,0.6471,-0.4780821233135056,0.4780821233135056,0.3274650062275723,3.301627871993482,73.61727061434749,4.99156383156272,2.770055610029662,5.21,2.4475296912114013
Divinyl sulfone,C=CS(=O)(=O)C=C,118.15699999999998,7,6,7,2,0,0,34.14,29.313799999999993,0.0,0,2,3,2,0,0,0,0,40,0.19137741647697992,0.6881999999999999,-0.21979434360173017,0.21979434360173017,0.19137741647697992,4.4928649119282404,150.12881621111117,5.914213562373096,3.121320343559643,6.43,1.9303215294294527
Glutaraldehyde,C(CC=O)CC=O,100.11699999999999,7,6,7,4,0,0,34.14,25.97899999999999,0.6,0,2,2,2,0,0,0,0,40,0.11950354805501646,0.5545,-0.3034026882821907,0.3034026882821907,0.11950354805501646,2.679549206552144,51.100494005928034,5.535533905932738,3.414213562373095,6.339999999999999,5.34
"Buta-1,3-diene",C=CC=C,54.09199999999999,4,3,4,1,0,0,0.0,20.393999999999995,0.0,0,0,0,0,0,0,0,0,22,-0.07008230826610218,1.3584,-0.0990867373646055,0.0990867373646055,0.07008230826610218,2.7320508075688776,21.019550008653873,3.414213562373095,1.914213562373095,3.48,2.48
Chloroprene,C=CC(=C)Cl,88.537,5,4,5,1,0,0,0.0,25.189999999999994,0.0,0,0,1,0,0,0,0,0,28,0.03277895747745258,1.9248999999999998,-0.0976075189490983,0.0976075189490983,0.03277895747745258,3.204805417886435,54.668290500398435,4.284457050376173,2.270055610029662,4.769999999999999,2.03525198938992
Isoprene,CC(=C)C=C,68.11900000000001,5,4,5,1,0,0,0.0,25.01099999999999,0.2,0,0,0,0,0,0,0,0,28,-0.040383549426410544,1.7485,-0.09882310718358248,0.09882310718358248,0.040383549426410544,3.204805417886435,51.058650025961626,4.284457050376173,2.270055610029662,4.480000000000002,1.7673563218390813
Hexamethylcyclotrisiloxane,C[Si]1(O[Si](O[Si](O1)(C)C)(C)C)C,222.46499999999997,12,12,12,0,1,0,27.69,55.70100000000004,1.0,0,3,6,3,0,1,0,1,72,0.3136364111885626,2.1552,-0.41587201632452914,0.41587201632452914,0.3136364111885626,2.808020996764068,145.19311924156366,9.621320343559642,5.121320343559643,10.61045367459272,2.75835280176299
Norbornene,C1CC2CC1C=C2,94.15699999999998,7,8,7,0,2,0,0.0,29.970999999999986,0.7142857142857143,0,0,0,0,0,2,0,1,38,-0.022760396619434516,1.9725,-0.08511941349880067,0.08511941349880067,0.022760396619434516,2.2712003045102303,90.60593781761291,4.690234444311989,3.4494897427831783,3.7068222395822903,1.1180468774382823
Dicyclopentadiene,C1C=CC2C1C3CC2C=C3,132.206,10,12,10,0,3,0,0.0,41.47400000000001,0.6,0,0,0,0,0,3,0,1,52,-0.013336894154707757,2.3846000000000007,-0.08790806282206703,0.08790806282206703,0.013336894154707757,2.0389644079043743,212.07820003461552,6.552041763877789,4.949489742783178,5.172687783025168,1.552802392011269
Alginate,C1(C(C(OC(C1O)O)C(=O)[O-])O)O,193.13099999999997,13,13,13,1,1,0,130.28,33.90719999999999,0.8333333333333334,4,7,7,7,4,1,0,1,76,0.18393099871668545,-4.463799999999998,-0.5471963696346182,0.5471963696346182,0.18393099871668545,2.7575781247703532,205.1594480971451,10.171208396324301,5.947264862732147,10.351499592502035,3.5611290204195476
Caprolactone,C1CCC(=O)OCC1,114.14399999999999,8,8,8,0,1,0,26.3,29.426999999999985,0.8333333333333334,0,2,2,2,0,1,0,1,46,0.3052775335658631,1.1036000000000001,-0.46567500274357665,0.46567500274357665,0.3052775335658631,2.26669651519302,78.52932501298082,5.819990956308912,3.893846850117352,5.603868808567603,2.6984359410043637
Lactic acid,CC(C(=O)O)O,90.07799999999999,6,5,6,1,0,0,57.53,19.3166,0.6666666666666666,2,2,3,3,2,0,0,0,36,0.3317230795714236,-0.5482,-0.4793355989963274,0.4793355989963274,0.3317230795714236,3.2575861612334887,57.058650025961626,5.1547005383792515,2.6427344100918364,5.43,1.7676338396942162
Glycolic acid,C(C(=O)O)O,76.051,5,4,5,1,0,0,57.53,14.7216,0.5,2,2,3,3,2,0,0,0,30,0.328849903557252,-0.9367000000000001,-0.47954077546948304,0.47954077546948304,0.328849903557252,2.847378923087672,40.1577218810798,4.284457050376173,2.270055610029662,4.43,1.7215451895043727
Succinic acid,C(CC(=O)O)C(=O)O,118.08799999999998,8,7,8,3,0,0,74.6,24.505599999999994,0.5,2,2,4,4,2,0,0,0,46,0.30343248908825177,-0.06420000000000015,-0.48121892931530574,0.48121892931530574,0.30343248908825177,3.1818458670936187,92.60593781761291,6.568914100752346,3.625897657686229,6.9399999999999995,3.009687481832753
Tartaric acid,C(C(C(=O)O)O)(C(=O)O)O,150.08599999999998,10,9,10,3,0,0,115.06,27.285199999999993,0.5,4,4,6,6,4,0,0,0,58,0.33542658750566945,-2.1225999999999994,-0.4792396497629858,0.4792396497629858,0.33542658750566945,4.069511908932011,133.82680599646991,8.309401076758503,4.464101615137754,8.86,3.1362532686222435
"1,6-hexanediol",C(CCCO)CCO,118.17599999999999,8,7,8,5,0,0,40.46,32.63959999999998,1.0,2,2,2,2,2,0,0,0,50,0.0430524188901144,0.5313999999999999,-0.39637656929582127,0.39637656929582127,0.0430524188901144,2.53006045688352,31.509775004326936,6.242640687119286,3.914213562373095,7.919999999999998,6.92
"1,3-propanediol",C(CO)CO,76.095,5,4,5,2,0,0,40.46,18.7886,1.0,2,2,2,2,2,0,0,0,32,0.045238236823877565,-0.6389,-0.39628647261089006,0.39628647261089006,0.045238236823877565,2.19060968716425,12.36452797660028,4.121320343559642,2.414213562373095,4.920000000000001,3.9200000000000004
Diethylene glycol,C(COCCO)O,106.12099999999998,7,6,7,4,0,0,49.69,24.990599999999993,1.0,2,3,3,3,2,0,0,0,44,0.06983770901314526,-1.0124,-0.3939803248815449,0.3939803248815449,0.06983770901314526,2.447472887876344,26.115877901113386,5.535533905932738,3.414213562373095,6.880000000000001,5.88
Triazine,C1=CN=NN=C1,81.07799999999999,6,6,6,0,1,1,38.67,19.826999999999998,0.0,0,3,3,3,0,0,1,0,30,0.05293811262507788,-0.12840000000000007,-0.1387434793805528,0.1387434793805528,0.05293811262507788,3.000000000000001,77.96100505779535,4.242640687119286,3.0,3.209600798403194,1.4474444723327795
Melamine,C1(=NC(=NC(=N1)N)N)N,126.12300000000003,9,9,9,0,1,1,116.72999999999999,33.0642,0.0,3,6,6,6,6,0,1,0,48,0.2261102795289593,-1.3818000000000001,-0.367590742812541,0.367590742812541,0.2261102795289593,3.165670309917317,169.06517765499825,6.85337115112852,4.1815405503520555,5.544952766531714,1.7312153761116047
Urea,C(=O)(N)N,60.05599999999999,4,3,4,0,0,0,69.11,13.7708,0.0,2,1,3,3,4,0,0,0,24,0.309056401422831,-0.9762,-0.3518462395056391,0.3518462395056391,0.309056401422831,2.8030394876740514,29.019550008653873,3.5773502691896257,1.7320508075688772,3.2700000000000005,0.7105286343612336
Formaldehyde,C=O,30.026,2,1,2,0,0,0,17.07,7.121,0.0,0,1,1,1,0,0,0,0,12,0.10638225365854179,-0.1849,-0.3070970261864102,0.3070970261864102,0.10638225365854179,2.0,2.0,2.0,1.0,1.6699999999999997,0.6700000000000002
Aminostyrene,C1=CC=C(C=C1)C=CN,119.16699999999997,9,9,9,1,1,1,26.02,39.66340000000001,0.0,1,1,1,1,2,0,0,0,46,-0.005636399357946055,1.616,-0.40458038793827183,0.40458038793827183,0.005636399357946055,2.847948176415385,188.98242576044356,6.52709773749546,4.431851652578137,5.888865979381443,2.9226946894351657
Allylamine,C=CCN,57.09599999999999,4,3,4,1,0,0,26.02,19.251400000000004,0.3333333333333333,1,1,1,1,2,0,0,0,24,0.010374434455575399,0.1311000000000001,-0.3270522846975318,0.3270522846975318,0.010374434455575399,2.2968352619191394,17.24511249783653,3.414213562373095,1.914213562373095,3.7,2.700000000000001
