Name,SMILES,MolWt,NumAtoms,NumBonds,HeavyAtoms,RotatableBonds,RingCount,AromaticRings,TPSA,MolMR,FractionCSP3,HDonors,HAcceptors,Heteroatoms,NOCount,NHOHCount,AliphaticRings,AromaticHeterocycles,SaturatedRings,ValenceElectrons,MaxPartialCharge,LogP,MinPartialCharge,MaxAbsPartialCharge,MinAbsPartialCharge,BalabanJ,BertzCT,Chi0,Chi1,Kappa1,Kappa2,Category
Tetrafluoroethylene,C(=C(F)F)(F)F,100.014,6,5,6,0,0,0,0.0,11.458000000000002,0.0,0,0,4,0,0,0,0,0,36,0.3344502604000808,1.991,-0.1672251302000404,0.3344502604000808,0.1672251302000404,3.675948764555208,55.61727061434748,5.154700538379252,2.6427344100918364,5.46,1.7910255068496828,Gas Separation
Vinylidene fluoride,C=C(F)F,64.034,4,3,4,0,0,0,0.0,11.356000000000002,0.0,0,0,2,0,0,0,0,0,24,0.2626888670265762,1.3965999999999998,-0.1741045340758478,0.2626888670265762,0.1741045340758478,2.8030394876740514,27.019550008653876,3.5773502691896257,1.7320508075688772,3.6000000000000005,0.9846153846153846,Gas Separation
Chlorotrifluoroethylene,C(=C(F)Cl)(F)F,116.469,6,5,6,0,0,0,0.0,16.203,0.0,0,0,4,0,0,0,0,0,36,0.3169868281501571,2.2603,-0.1875155458067531,0.3169868281501571,0.1875155458067531,3.675948764555208,58.862383112184006,5.154700538379252,2.6427344100918364,5.819999999999999,2.0764802021704987,Gas Separation
Hexafluoropropene,C(=C(F)F)(C(F)(F)F)F,150.021,9,8,9,0,0,0,0.0,16.405,0.3333333333333333,0,0,6,0,0,0,0,0,54,0.4479927713030211,2.6263,-0.1957375718092352,0.4479927713030211,0.1957375718092352,4.399515870465617,125.72862410467503,7.6547005383792515,3.8540592754970233,8.32,2.2816676447452213,Gas Separation
Perfluoropropyl vinyl ether,C=COC(C(C(F)(F)F)(F)F)(F)F,212.064,13,12,13,3,0,0,9.23,27.231,0.6,0,1,8,1,0,0,0,0,78,0.4732349628616023,2.9369000000000005,-0.4363767938350514,0.4732349628616023,0.4363767938350514,4.906301829129689,193.5498076227083,10.914213562373096,5.560660171779821,12.05,3.0754200508401004,Gas Separation
Trifluoromethacrylic acid,C=C(C(=O)O)C(F)(F)F,140.06,9,8,9,1,0,0,37.3,22.8308,0.25,1,1,5,2,1,0,0,0,52,0.4222975455345759,1.1895,-0.4776498666114047,0.4776498666114047,0.4222975455345759,4.232428370576883,146.38196255841365,7.6547005383792515,3.854059275497024,8.0,2.0826446280991737,Gas Separation
"2,2,2-Trifluoroethanol",C(C(F)(F)F)O,100.039,6,5,6,0,0,0,20.23,13.140800000000002,1.0,1,1,4,1,1,0,0,0,38,0.4110030046161755,0.5410000000000001,-0.386945770759235,0.4110030046161755,0.386945770759235,3.168489872670569,38.54808140664299,5.207106781186548,2.5606601717798214,5.75,1.4660493827160497,Gas Separation
Pyromellitic dianhydride,C1=C2C(=CC3=C1C(=O)OC3=O)C(=O)OC2=O,218.11999999999995,16,18,16,0,3,3,94.56,53.43799999999999,0.0,0,6,6,6,0,0,2,0,78,0.3464315009592638,-0.5045999999999998,-0.3856563910770582,0.3856563910770582,0.3464315009592638,2.7986395701748545,769.6521153807564,11.447229278263196,7.575387400469406,8.779916753381894,2.542291426374472,Gas Separation
Oxydianiline,C1=CC(=CC=C1N)OC2=CC=C(C=C2)N,200.241,15,16,15,2,2,2,61.27,61.78280000000001,0.0,2,3,3,3,4,0,0,0,76,0.1270797247472732,2.643299999999999,-0.4573792324887019,0.4573792324887019,0.1270797247472732,2.1467113756182017,390.6842279806418,10.673362107437434,7.237183443017882,9.3971519262254,3.919660657858556,Gas Separation
"3,3'-Diaminobenzidine",C1=CC(=C(C=C1C2=CC(=C(C=C2)N)N)N)N,214.272,16,17,16,1,2,2,104.08,69.5276,0.0,4,4,4,4,8,0,0,0,82,0.0553509876048672,1.6824000000000008,-0.397061992692893,0.397061992692893,0.0553509876048672,2.502080374374622,485.0371240740592,11.70674230225704,7.57538740046941,10.167785242915585,3.657114196001791,Gas Separation
Trimellitic anhydride,C1=CC2=C(C=C1C(=O)O)C(=O)OC2=O,192.12599999999995,14,15,14,1,2,1,80.66999999999999,43.1473,0.0,1,4,5,5,1,1,0,0,70,0.3464306694031819,0.6954,-0.4776389647179754,0.4776389647179754,0.3464306694031819,2.6076190147194995,460.2701600541334,10.292528739883943,6.592224152875015,8.429238558789956,2.661276897501684,Gas Separation
Benzophenone tetracarboxylic dianhydride,C1=CC2=C(C=C1C(=O)C3=CC4=C(C=C3)C(=O)OC4=O)C(=O)OC2=O,322.22800000000007,24,27,24,2,4,2,103.81,75.80850000000002,0.0,0,7,7,7,0,2,0,0,116,0.3464285296864556,1.5388000000000002,-0.3856566919980714,0.3856566919980714,0.3464285296864556,1.7570886767985143,920.4938050961462,17.007707210578268,11.452397498181153,14.01239593662566,4.690620931678631,Gas Separation
Hexamethylcyclotrisiloxane,C[Si]1(O[Si](O[Si](O1)(C)C)(C)C)C,222.465,12,12,12,0,1,0,27.69,55.70100000000004,1.0,0,3,6,3,0,1,0,1,72,0.3136364111885626,2.1552,-0.4158720163245291,0.4158720163245291,0.3136364111885626,2.808020996764068,145.19311924156366,9.621320343559642,5.121320343559643,10.61045367459272,2.75835280176299,Gas Separation
Fluorobenzene,C1=CC=C(C=C1)F,96.10399999999998,7,7,7,0,1,1,0.0,26.399999999999995,0.0,0,0,1,0,0,0,0,0,36,0.1227072403493724,1.8257,-0.2070125221263808,0.2070125221263808,0.1227072403493724,3.0214653097240864,134.10736969541455,5.112884175122364,3.393846850117352,4.31260162601626,1.7349674800723751,Gas Separation
Pentafluorobenzene,C1=C(C(=C(C(=C1F)F)F)F)F,168.06399999999996,11,11,11,0,1,1,0.0,26.232000000000003,0.0,0,0,5,0,0,0,0,0,60,0.2000160021484296,2.3821000000000003,-0.2035307982275725,0.2035307982275725,0.2000160021484296,3.455546483817783,267.2643837476986,8.593858127134677,5.036581260209188,7.971317122593716,2.484569487904361,Gas Separation
Hexafluorobenzene,C1(=C(C(=C(C(=C1F)F)F)F)F)F,186.054,12,12,12,0,1,1,0.0,26.190000000000005,0.0,0,0,6,0,0,0,0,0,66,0.2002525240318977,2.5212,-0.2002525240318977,0.2002525240318977,0.2002525240318977,3.603567451474548,226.30309024251744,9.464101615137752,5.464101615137754,8.892592592592592,2.688888888888888,Gas Separation
Trifluoroacetic acid,C(=O)(C(F)(F)F)O,114.022,7,6,7,0,0,0,37.3,13.6908,0.5,1,1,5,2,1,0,0,0,42,0.490240318307003,0.6333,-0.4745811720256028,0.490240318307003,0.4745811720256028,3.7911184170869663,83.42592196522058,6.077350269189626,2.943375672974064,6.260000000000001,1.3990874074421495,Gas Separation
Perfluorobutane,C(C(C(F)(F)F)(F)F)(C(F)(F)F)(F)F,238.024,14,13,14,1,0,0,0.0,22.004000000000005,1.0,0,0,10,0,0,0,0,0,86,0.4597892454788683,3.3816,-0.18880756966325,0.4597892454788683,0.18880756966325,5.300082077607573,181.14233798589447,12.0,5.75,13.300000000000002,2.893011475621213,Gas Separation
Perfluorohexane,C(C(C(C(F)(F)F)(F)F)(F)F)(C(C(F)(F)F)(F)F)(F)F,338.03799999999995,20,19,20,3,0,0,0.0,31.898000000000007,1.0,0,0,14,0,0,0,0,0,122,0.4596473223421968,4.6522,-0.192103151013694,0.4596473223421968,0.192103151013694,6.082753304270882,318.84086807980646,17.0,8.25,19.02,4.25639196464711,Gas Separation
Fluoroethylene carbonate,C1C(OC(=O)O1)F,106.052,7,7,7,0,1,0,35.53,17.329,0.6666666666666666,0,3,4,3,0,1,0,1,40,0.5106930536239587,0.4488,-0.4272138500275236,0.5106930536239587,0.4272138500275236,2.39706714269016,92.18080946738404,5.276020881938894,3.2876937002347035,4.361290322580645,1.3641879833432484,Gas Separation
Caprolactam,C1CCC(=O)NCC1,113.16,8,8,8,0,1,0,29.1,31.477699999999988,0.8333333333333334,1,1,2,2,1,1,0,1,46,0.2194940503290275,0.6766000000000001,-0.3561070295708626,0.3561070295708626,0.2194940503290275,2.26669651519302,80.52932501298082,5.819990956308912,3.893846850117352,5.603868808567603,2.698435941004364,Water Purification
Adipic acid,C(CCC(=O)O)CC(=O)O,146.142,10,9,10,5,0,0,74.6,33.73959999999999,0.6666666666666666,2,2,4,4,2,0,0,0,58,0.302839787989633,0.716,-0.4812303886150306,0.4812303886150306,0.302839787989633,3.0550899395377584,113.70950594454668,7.983127663125442,4.625897657686229,8.94,4.784806790484913,Water Purification
Hexamethylenediamine,C(CCCN)CCN,116.208,8,7,8,5,0,0,52.04,36.57679999999999,1.0,2,2,2,2,4,0,0,0,50,-0.0077275401608168,0.4642000000000001,-0.3304735039378873,0.3304735039378873,0.0077275401608168,2.53006045688352,31.509775004326936,6.242640687119286,3.914213562373095,7.919999999999998,6.92,Water Purification
Ethylenediamine,C(CN)N,60.09999999999999,4,3,4,1,0,0,52.04,18.10880000000001,1.0,2,2,2,2,4,0,0,0,26,0.0046132774803365,-1.0961999999999998,-0.3292161911466984,0.3292161911466984,0.0046132774803365,1.9747448713915892,6.0,3.414213562373095,1.914213562373095,3.92,2.92,Water Purification
m-Phenylenediamine,C1=CC(=CC(=C1)N)N,108.144,8,8,8,0,1,1,52.04,35.26679999999998,0.0,2,2,2,2,4,0,0,0,42,0.0334142496995705,0.851,-0.3986672494363507,0.3986672494363507,0.0334142496995705,3.077660437970554,166.38833891467198,5.983127663125442,3.787693700234704,4.966627565982405,1.738120536196338,Water Purification
p-Phenylenediamine,C1=CC(=CC=C1N)N,108.144,8,8,8,0,1,1,52.04,35.26679999999998,0.0,2,2,2,2,4,0,0,0,42,0.0314994276104483,0.8510000000000002,-0.3987267865528651,0.3987267865528651,0.0314994276104483,3.032455532033676,145.38833891467198,5.983127663125442,3.787693700234704,4.966627565982405,1.738120536196338,Water Purification
Trimesoyl chloride,C1=C(C=C(C=C1C(=O)Cl)C(=O)Cl)C(=O)Cl,265.479,15,15,15,3,1,1,51.21,56.99250000000001,0.0,0,3,6,3,0,0,0,0,78,0.2519346416589139,2.8236000000000008,-0.2756141747328093,0.2756141747328093,0.2519346416589139,3.3873800754533514,374.9086863811507,11.585421958697395,6.913591357920932,12.1709219858156,4.747335461993514,Water Purification
Isophthaloyl chloride,C1=CC(=CC(=C1)C(=O)Cl)C(=O)Cl,203.024,12,12,12,2,1,1,34.14,46.809000000000005,0.0,0,2,4,2,0,0,0,0,62,0.2519099133388156,2.4446000000000003,-0.2756145984999215,0.2756145984999215,0.2519099133388156,3.121805775248301,304.33467465916425,9.137828201504693,5.6090609052806215,9.229766606822263,3.6955458608251655,Water Purification
Piperazine,C1CNCCN1,86.138,6,6,6,0,1,0,24.06,25.739399999999996,1.0,2,2,2,2,2,1,0,1,36,0.0077229764777765,-0.8208,-0.3142057534497283,0.3142057534497283,0.0077229764777765,2.0,21.019550008653876,4.242640687119286,3.0,4.088918918918919,2.157216946676406,Water Purification
Acrylic acid,C=CC(=O)O,72.06299999999999,5,4,5,1,0,0,37.3,17.8328,0.0,1,1,2,2,1,0,0,0,28,0.3271981122452583,0.2569999999999999,-0.4780891485530972,0.4780891485530972,0.3271981122452583,3.204805417886435,55.91340299823497,4.284457050376173,2.270055610029662,4.21,1.5215264797507788,Water Purification
Methacrylic acid,CC(=C)C(=O)O,86.08999999999999,6,5,6,1,0,0,37.3,22.449799999999996,0.25,1,1,2,2,1,0,0,0,34,0.3301633832338257,0.6471,-0.4778969618559836,0.4778969618559836,0.3301633832338257,3.567703455043203,71.5488750216347,5.154700538379252,2.6427344100918364,5.21,1.5981469637969208,Water Purification
Acrylamide,C=CC(=O)N,71.07900000000001,5,4,5,1,0,0,43.09,19.3914,0.0,1,1,2,2,2,0,0,0,28,0.2402973983266299,-0.3423,-0.3661333301605154,0.3661333301605154,0.2402973983266299,3.204805417886435,57.91340299823497,4.284457050376173,2.270055610029662,4.21,1.5215264797507788,Water Purification
Methacrylamide,CC(=C)C(=O)N,85.10600000000001,6,5,6,1,0,0,43.09,24.008399999999995,0.25,1,1,2,2,2,0,0,0,34,0.2432329843139914,0.0478000000000001,-0.3659056008992405,0.3659056008992405,0.2432329843139914,3.567703455043203,73.5488750216347,5.154700538379252,2.6427344100918364,5.21,1.5981469637969208,Water Purification
Hydroxyethyl methacrylate,CC(=C)C(=O)OCCO,130.143,9,8,9,3,0,0,46.53,32.85879999999999,0.5,1,3,3,3,1,0,0,0,52,0.3326871219576966,0.098,-0.4599096119587887,0.4599096119587887,0.3326871219576966,3.3940489484742136,117.47138037474598,7.276020881938895,4.180739212552622,8.17,4.0892660852838025,Water Purification
Hydroxypropyl acrylate,CC(CO)O.C=CC(=O)O,148.158,10,8,10,2,0,0,77.76,36.5994,0.5,3,3,4,4,3,0,0,0,60,0.3271981122452583,-0.3835,-0.4780891485530972,0.4780891485530972,0.3271981122452583,0.0,97.9209386162151,8.568914100752346,4.540111220059324,11.870603774030275,8.129999999999997,Water Purification
Glycerol,C(C(CO)O)O,92.09399999999998,6,5,6,2,0,0,60.69,20.178400000000003,1.0,3,3,3,3,3,0,0,0,38,0.1000470260172347,-1.6681,-0.3935933161206694,0.3935933161206694,0.1000470260172347,2.754184786037662,25.219280948873624,4.99156383156272,2.808060412490447,5.88,3.0849180327868857,Water Purification
Sorbitol,C(C(C(C(C(CO)O)O)O)O)O,182.172,12,11,12,5,0,0,121.38,38.19879999999999,1.0,6,6,6,6,6,0,0,0,74,0.1105786065313125,-3.585399999999998,-0.393579134968567,0.393579134968567,0.1105786065313125,3.985164450858579,104.6059378176129,9.723614639131595,5.540111220059325,11.760000000000002,5.413461330448892,Water Purification
"N,N-Dimethylacrylamide",CN(C)C(=O)C=C,99.13299999999998,7,6,7,1,0,0,20.31,28.890999999999988,0.4,0,1,2,2,0,0,0,0,40,0.2449359002565977,0.2605999999999999,-0.3453025378674504,0.3453025378674504,0.2449359002565977,3.562773532528384,86.08094399727418,5.861807319565799,3.1807392125526213,6.210000000000001,2.394521355353814,Water Purification
Alginate,C1(C(C(OC(C1O)O)C(=O)[O-])O)O,193.131,13,13,13,1,1,0,130.28,33.90719999999999,0.8333333333333334,4,7,7,7,4,1,0,1,76,0.1839309987166854,-4.463799999999998,-0.5471963696346182,0.5471963696346182,0.1839309987166854,2.757578124770353,205.1594480971451,10.1712083963243,5.947264862732147,10.351499592502035,3.561129020419548,Water Purification
Urea,C(=O)(N)N,60.05599999999999,4,3,4,0,0,0,69.11,13.7708,0.0,2,1,3,3,4,0,0,0,24,0.309056401422831,-0.9762,-0.3518462395056391,0.3518462395056391,0.309056401422831,2.8030394876740514,29.019550008653876,3.5773502691896257,1.7320508075688772,3.2700000000000005,0.7105286343612336,Water Purification
Diethanolamine,C(CO)NCCO,105.137,7,6,7,4,0,0,52.49,27.041299999999996,1.0,3,3,3,3,3,0,0,0,44,0.0555453681488511,-1.4394,-0.3950544422943303,0.3950544422943303,0.0555453681488511,2.447472887876344,28.870765403276856,5.535533905932738,3.414213562373095,6.880000000000001,5.88,Water Purification
Triethanolamine,C(CO)N(CCO)CCO,149.19,10,9,10,6,0,0,63.93000000000001,37.6974,1.0,3,4,4,4,3,0,0,0,62,0.0558009244859823,-1.7347,-0.3950445419263663,0.3950445419263663,0.0558009244859823,3.2950821163049606,55.74860596185443,7.819990956308912,4.846065214951232,9.839999999999998,6.953122171945702,Water Purification
Glucose,C(C1C(C(C(C(O1)O)O)O)O)O,180.156,12,12,12,1,1,0,110.38,35.98599999999999,1.0,5,6,6,6,5,1,0,1,72,0.183570328512782,-3.2213999999999987,-0.3935665160029449,0.3935665160029449,0.183570328512782,2.634408987061597,146.2188491003481,9.300964908321223,5.574586062669973,9.845034013605442,3.648916103234773,Water Purification
EDTA,C(CN(CC(=O)O)CC(=O)O)N(CC(=O)O)CC(=O)O,292.244,20,19,20,11,0,0,155.68,63.423200000000016,0.6,4,6,10,10,4,0,0,0,114,0.3172181189756388,-2.071199999999996,-0.4802856639773187,0.4802856639773187,0.3172181189756388,4.494378506622938,315.45388105272013,15.706742302257044,9.20128505815564,17.8,8.824913727800691,Water Purification
Hydroxyurea,C(=O)(N)NO,76.05499999999999,5,4,5,0,0,0,75.35000000000001,14.5056,0.0,3,2,4,4,4,0,0,0,30,0.3353909085330547,-0.9561000000000002,-0.3498912803677604,0.3498912803677604,0.3353909085330547,2.847378923087672,42.91260938324327,4.284457050376173,2.270055610029662,4.230000000000002,1.5395975232198151,Water Purification
Bisphenol A,CC(C)(C1=CC=C(C=C1)O)C2=CC=C(C=C2)O,228.291,17,18,17,2,2,2,40.46,68.34160000000003,0.2,2,2,2,2,2,0,0,0,88,0.1150959346659273,3.4237000000000024,-0.5079666362160915,0.5079666362160915,0.1150959346659273,2.412580781491558,447.9499584541679,12.466255326250886,7.998037131279782,11.523205950211755,4.130982583104699,Filtration / Structural
Bisphenol F,C1=CC(=CC=C1CC2=CC=C(C=C2)O)O,200.237,15,16,15,2,2,2,40.46,59.01960000000003,0.0769230769230769,2,2,2,2,2,0,0,0,76,0.1150952230444899,2.688600000000002,-0.5079666421305538,0.5079666421305538,0.1150952230444899,2.146711375618202,385.5980616534615,10.673362107437432,7.237183443017882,9.589508526716504,4.0479090459713305,Filtration / Structural
Terephthalic acid,C1=CC(=CC=C1C(=O)O)C(=O)O,166.13199999999998,12,12,12,2,1,1,74.6,40.3606,0.0,2,2,4,4,2,0,0,0,62,0.3351790279638539,1.083,-0.477639246419649,0.477639246419649,0.3351790279638539,3.0061498337295465,279.33467465916425,9.137828201504693,5.6090609052806215,8.258425196850395,3.0419304797471987,Filtration / Structural
Dimethyl terephthalate,COC(=O)C1=CC=C(C=C1)C(=O)OC,194.186,14,14,14,2,1,1,52.60000000000001,49.12100000000002,0.2,0,4,4,4,0,0,0,0,74,0.337342220156801,1.2597999999999998,-0.4654175190338801,0.4654175190338801,0.337342220156801,2.8864821283777804,304.64456038916694,10.55204176387779,6.685070510202191,10.242236842105264,4.411323399666699,Filtration / Structural
Isophthalic acid,C1=CC(=CC(=C1)C(=O)O)C(=O)O,166.13199999999998,12,12,12,2,1,1,74.6,40.3606,0.0,2,2,4,4,2,0,0,0,62,0.335204799825201,1.083,-0.4776389689610038,0.4776389689610038,0.335204799825201,3.121805775248301,300.33467465916425,9.137828201504693,5.6090609052806215,8.258425196850395,3.0419304797471987,Filtration / Structural
Ethylene glycol,C(CO)O,62.068000000000005,4,3,4,1,0,0,40.46,14.171600000000002,1.0,2,2,2,2,2,0,0,0,26,0.0662266396468172,-1.029,-0.3939905415754596,0.3939905415754596,0.0662266396468172,1.9747448713915892,6.0,3.414213562373095,1.914213562373095,3.92,2.92,Filtration / Structural
"1,4-butanediol",C(CCO)CO,90.122,6,5,6,3,0,0,40.46,23.4056,1.0,2,2,2,2,2,0,0,0,38,0.0431370083899692,-0.2488,-0.3963750384086942,0.3963750384086942,0.0431370083899692,2.3390923149762908,17.509775004326936,4.82842712474619,2.914213562373095,5.92,4.920000000000001,Filtration / Structural
Neopentyl glycol,CC(C)(CO)CO,104.149,7,6,7,2,0,0,40.46,27.95259999999999,1.0,2,2,2,2,2,0,0,0,44,0.0503578172046814,-0.0028,-0.3957293965497394,0.3957293965497394,0.0503578172046814,3.3604351426960584,44.041843979966416,5.914213562373096,3.121320343559643,6.92,2.28455463728191,Filtration / Structural
Carbonyl dichloride,C(=O)(Cl)Cl,98.916,4,3,4,0,0,0,17.07,17.101999999999997,0.0,0,1,3,1,0,0,0,0,24,0.3130438328830007,1.584,-0.2622151807389137,0.3130438328830007,0.2622151807389137,2.8030394876740514,29.019550008653876,3.5773502691896257,1.7320508075688772,4.25,1.5576923076923077,Filtration / Structural
Diphenyl carbonate,C1=CC=C(C=C1)OC(=O)OC2=CC=CC=C2,214.22,16,17,16,2,2,2,35.53,59.53600000000003,0.0,0,3,3,3,0,0,0,0,80,0.5189243309988207,3.264400000000001,-0.3947188446228865,0.5189243309988207,0.3947188446228865,1.9521941477943932,407.6186271235691,11.217332181807452,7.84333659290053,10.235362076049029,4.97865194117306,Filtration / Structural
Diphenyl sulfone,C1=CC=C(C=C1)S(=O)(=O)C2=CC=CC=C2,218.277,15,16,15,2,2,2,34.14,58.33580000000004,0.0,0,2,3,2,0,0,0,0,76,0.2060866263500249,2.519400000000001,-0.2185143255183063,0.2185143255183063,0.2060866263500249,2.5505014056299604,484.8495069839023,10.72576835024473,7.210343431045079,9.926624682900304,3.86619987968792,Filtration / Structural
"4,4'-Dichlorodiphenyl sulfone",C1=CC(=CC=C1S(=O)(=O)C2=CC=C(C=C2)Cl)Cl,287.16700000000003,17,18,17,2,2,2,34.14,68.35580000000003,0.0,0,2,5,2,0,0,0,0,88,0.2060901306948847,3.826200000000002,-0.2185142979505531,0.2185142979505531,0.2060901306948847,2.496128967193728,565.0601341830188,12.466255326250886,7.998037131279782,12.427530343158178,4.685732888276506,Filtration / Structural
Bisphenol S,C1=CC(=CC=C1O)S(=O)(=O)C2=CC=C(C=C2)O,250.275,17,18,17,2,2,2,74.6,61.665400000000034,0.0,2,4,5,4,2,0,0,0,88,0.2060958424946889,1.9306,-0.5079655549324401,0.5079655549324401,0.2060958424946889,2.4961289671937283,561.0601341830188,12.466255326250886,7.998037131279782,11.47466814585883,4.101809822106994,Filtration / Structural
Sulfanilic acid,C1=CC(=CC=C1N)S(=O)(=O)O,173.19299999999998,11,11,11,1,1,1,80.39,40.669,0.0,2,3,5,4,3,0,0,0,60,0.294013059344076,0.5154999999999998,-0.3987277131397739,0.3987277131397739,0.294013059344076,3.2015159310664942,340.5950744935719,8.483127663125442,4.999018565639891,8.030704934541792,2.5192903206703843,Filtration / Structural
Oxirane,C1CO1,44.053,3,3,3,0,1,0,12.53,10.819,1.0,0,1,1,1,0,1,0,1,18,0.0701143954655702,0.0166,-0.3766676360734525,0.3766676360734525,0.0701143954655702,2.25,7.509775004326937,2.121320343559643,1.5,1.297837837837838,0.2061650840029218,Filtration / Structural
Propylene oxide,CC1CO1,58.08,4,4,4,0,1,0,12.53,15.414,1.0,0,1,1,1,0,1,0,1,24,0.0781424006480376,0.4051,-0.3734316083657115,0.3734316083657115,0.0781424006480376,2.171098317873574,22.464393446710154,2.9915638315627207,1.893846850117352,2.212525252525253,0.4622112382934443,Filtration / Structural
Tetrahydrofuran,C1CCOC1,72.107,5,5,5,0,1,0,9.23,20.053,1.0,0,1,1,1,0,1,0,1,30,0.0466381698498417,0.7968,-0.3814493819627182,0.3814493819627182,0.0466381698498417,2.083333333333333,15.21928094887362,3.5355339059327378,2.5,3.1616129032258065,1.4103121748178982,Filtration / Structural
Cyclohexanone,C1CCC(=O)CC1,98.145,7,7,7,0,1,0,17.07,28.091999999999985,0.8333333333333334,0,1,1,1,0,1,0,1,40,0.132411327598581,1.5196,-0.2997179089731855,0.2997179089731855,0.132411327598581,2.2495440947344703,68.24920506009684,5.112884175122364,3.393846850117352,4.8199250374812594,2.101967961325131,Filtration / Structural
Cyclohexanol,C1CCC(CC1)O,100.161,7,7,7,0,1,0,20.23,29.091799999999985,1.0,1,1,1,1,1,1,0,1,42,0.0539847748448125,1.3114,-0.3931313824678402,0.3931313824678402,0.0539847748448125,2.122917949959366,46.14170945007629,5.112884175122364,3.393846850117352,5.10367816091954,2.3141072195146584,Filtration / Structural
Phenol,C1=CC=C(C=C1)O,94.11299999999996,7,7,7,0,1,1,20.23,28.106799999999996,0.0,1,1,1,1,1,0,0,0,36,0.1150748194752798,1.3921999999999997,-0.5079669948663066,0.5079669948663066,0.1150748194752798,3.0214653097240864,134.10736969541455,5.112884175122364,3.393846850117352,4.18611295681063,1.6461962159398054,Filtration / Structural
Resorcinol,C1=CC(=CC(=C1)O)O,110.11199999999997,8,8,8,0,1,1,40.46,29.771599999999992,0.0,2,2,2,2,2,0,0,0,42,0.1187636737862982,1.0977999999999994,-0.5078233297968214,0.5078233297968214,0.1187636737862982,3.077660437970554,166.38833891467198,5.983127663125442,3.787693700234704,4.966627565982405,1.738120536196338,Filtration / Structural
Hydroquinone,C1=CC(=CC=C1O)O,110.11199999999997,8,8,8,0,1,1,40.46,29.771599999999992,0.0,2,2,2,2,2,0,0,0,42,0.1153459512752557,1.0978,-0.5079622369103997,0.5079622369103997,0.1153459512752557,3.032455532033676,145.38833891467198,5.983127663125442,3.787693700234704,4.966627565982405,1.738120536196338,Filtration / Structural
Methyl methacrylate,CC(=C)C(=O)OC,100.117,7,6,7,1,0,0,26.3,26.829999999999988,0.4,0,2,2,2,0,0,0,0,40,0.3323269847170088,0.7355,-0.4656747792521672,0.4656747792521672,0.3323269847170088,3.577919926272439,94.25327665163482,5.861807319565799,3.1807392125526213,6.210000000000001,2.394521355353814,Functional / Advanced
Ethyl acrylate,CCOC(=O)C=C,100.117,7,6,7,2,0,0,26.3,26.829999999999988,0.4,0,2,2,2,0,0,0,0,40,0.3296277829557422,0.7355,-0.462840392071599,0.462840392071599,0.3296277829557422,3.172899533850818,76.14933958998697,5.698670612749268,3.308060412490447,6.210000000000001,3.401938579654511,Functional / Advanced
Butyl acrylate,CCCCOC(=O)C=C,128.17099999999996,9,8,9,4,0,0,26.3,36.06399999999999,0.5714285714285714,0,2,2,2,0,0,0,0,52,0.3296378757297387,1.5157,-0.4625463670064307,0.4625463670064307,0.3296378757297387,3.0655033793880806,97.089273230246,7.112884175122364,4.308060412490447,8.210000000000003,5.348696255201112,Functional / Advanced
2-Ethylhexyl acrylate,CCCCC(CC)COC(=O)C=C,184.279,13,12,13,7,0,0,26.3,54.46200000000004,0.7272727272727273,0,2,2,2,0,0,0,0,76,0.3296480407749041,2.9320000000000013,-0.4622508772042368,0.4622508772042368,0.3296480407749041,3.5789305606878026,152.16926858274718,10.104448006685086,6.239912065068584,12.21,7.838370161539696,Functional / Advanced
Acrylonitrile,C=CC#N,53.06399999999999,4,3,4,0,0,0,23.79,15.81,0.0,0,1,1,1,0,0,0,0,20,0.0905313753738046,0.6959799999999999,-0.1931212607867276,0.1931212607867276,0.0905313753738046,2.9217836800202117,48.793987519471216,3.414213562373095,1.914213562373095,3.2299999999999995,2.23,Functional / Advanced
Methacrylonitrile,CC(=C)C#N,67.09100000000001,5,4,5,0,0,0,23.79,20.426999999999992,0.25,0,1,1,1,0,0,0,0,26,0.0937374695299826,1.08608,-0.1928284154535189,0.1928284154535189,0.0937374695299826,3.348800763644439,76.13896548741764,4.284457050376173,2.270055610029662,4.230000000000002,1.5395975232198151,Functional / Advanced
Epichlorohydrin,C1C(O1)CCl,92.525,5,5,5,1,1,0,12.53,20.459999999999997,1.0,0,1,2,1,0,1,0,1,30,0.0944370472868503,0.624,-0.3718344373926424,0.3718344373926424,0.0944370472868503,1.998939485178898,33.87430298092722,3.698670612749268,2.4318516525781364,3.4404761904761907,1.1492,Functional / Advanced
Bisphenol A diglycidyl ether,CC(C)(C1=CC=C(C=C1)OCC2CO2)C3=CC=C(C=C3)OCC4CO4,340.4190000000001,25,28,25,8,4,2,43.52,95.48200000000006,0.4285714285714285,0,4,4,4,0,2,0,2,132,0.1189585908692738,3.567700000000002,-0.4907958631214472,0.4907958631214472,0.1189585908692738,1.412414127527279,636.1808377852377,17.27781011412252,12.109322916611436,16.429607147181514,6.6951835052370585,Functional / Advanced
Glycidyl methacrylate,CC(=C)C(=O)OCC1CO1,142.154,10,10,10,3,1,0,38.83,35.513,0.5714285714285714,0,3,3,3,0,1,0,1,56,0.3326995917583886,0.5045000000000001,-0.4594918680477396,0.4594918680477396,0.3326995917583886,2.107751696006494,158.23415450316318,7.560477932315068,4.698377302757663,7.279051254089422,2.8358235933154585,Functional / Advanced
Toluene diisocyanate,CC1=C(C=C(C=C1)N=C=O)N=C=O,174.159,13,13,13,2,1,1,58.86,46.74200000000002,0.1111111111111111,0,4,4,4,0,0,0,0,64,0.240018128346211,1.92962,-0.2109686132642379,0.240018128346211,0.2109686132642379,3.2503947748121877,413.622920240102,9.681798275874712,6.274386907679233,9.071074681238615,4.117834347453239,Functional / Advanced
Isophorone diisocyanate,CC1(CC(CC(C1)(C)CN=C=O)N=C=O)C,222.288,16,16,16,3,1,0,58.86,60.63700000000004,0.8333333333333334,0,4,4,4,0,1,0,1,88,0.2347265262118235,2.2430000000000003,-0.2113796383837377,0.2347265262118235,0.2113796383837377,2.854455780958164,352.0302611774938,12.234204518682008,7.406725386731055,12.827750677506776,4.731534385813148,Functional / Advanced
Hexamethylene diisocyanate,C(CCCN=C=O)CCN=C=O,168.19599999999997,12,11,12,7,0,0,58.86,44.44500000000002,0.75,0,4,4,4,0,0,0,0,66,0.2344364673090483,1.2184,-0.2113799928977848,0.2344364673090483,0.2113799928977848,2.997486440337056,169.23454122869498,9.071067811865476,5.914213562373096,10.760000000000002,9.759999999999998,Functional / Advanced
Methylene diphenyl diisocyanate,C1=CC(=CC=C1CC2=CC=C(C=C2)N=C=O)N=C=O,250.257,19,20,19,4,2,2,58.86,71.25300000000001,0.0666666666666666,0,4,4,4,0,0,0,0,92,0.2400070161719085,3.2120000000000024,-0.2109686232552289,0.2400070161719085,0.2109686232552289,2.114654076705273,588.0498592306847,13.501789232183624,9.313193047939452,12.651595457003785,6.218910802694586,Functional / Advanced
"4,4'-Diaminodiphenyl methane",C1=CC(=CC=C1CC2=CC=C(C=C2)N)N,198.269,15,16,15,2,2,2,52.04,64.51480000000002,0.0769230769230769,2,2,2,2,4,0,0,0,76,0.031367979414597,2.4418,-0.3987285599838353,0.3987285599838353,0.031367979414597,2.146711375618202,385.5980616534615,10.673362107437432,7.237183443017882,9.589508526716504,4.0479090459713305,Functional / Advanced
Vinyl acetate,CC(=O)OC=C,86.09,6,5,6,1,0,0,26.3,21.96299999999999,0.25,0,2,2,2,0,0,0,0,34,0.3069152048394101,0.693,-0.4353234316490274,0.4353234316490274,0.3069152048394101,3.046489080910934,65.94833690207419,4.99156383156272,2.770055610029662,5.21,2.4475296912114013,Functional / Advanced
Vinyl chloride,C=CCl,62.499,3,2,3,0,0,0,0.0,16.05,0.0,0,0,1,0,0,0,0,0,18,-0.0029594085237178,1.3687,-0.0935979156531973,0.0935979156531973,0.0029594085237178,2.1874960973678963,10.264662506490405,2.7071067811865475,1.4142135623730951,3.03,2.03,Functional / Advanced
Vinyl alcohol,C=CO,44.053,3,2,3,0,0,0,20.23,12.8258,0.0,1,1,1,1,1,0,0,0,18,0.0719347287145272,0.6879,-0.5162162085527368,0.5162162085527368,0.0719347287145272,2.1874960973678963,10.264662506490405,2.7071067811865475,1.4142135623730951,2.54,1.54,Functional / Advanced
Vinylpyrrolidone,C=CN1CCCC1=O,111.144,8,8,8,1,1,0,20.31,31.143999999999988,0.5,0,1,2,2,0,1,0,1,44,0.2260551174591197,0.7523,-0.3196712290418209,0.3196712290418209,0.2260551174591197,2.53668197930634,119.6969428639286,5.983127663125442,3.842535255101096,5.348696255201109,1.987228405606425,Functional / Advanced
Vinylidene chloride,C=C(Cl)Cl,96.944,4,3,4,0,0,0,0.0,20.846,0.0,0,0,2,0,0,0,0,0,24,0.0991840388726836,1.9352,-0.071555308341519,0.0991840388726836,0.071555308341519,2.8030394876740514,27.019550008653876,3.5773502691896257,1.7320508075688772,4.320000000000001,1.621204819277109,Functional / Advanced
Styrene,C=CC1=CC=CC=C1,104.15199999999996,8,8,8,1,1,1,0.0,36.53300000000001,0.0,0,0,0,0,0,0,0,0,40,-0.0262557893778424,2.3296,-0.0984700500401651,0.0984700500401651,0.0262557893778424,2.991046914684621,162.65300142116237,5.819990956308912,3.931851652578137,5.10367816091954,2.3141072195146584,Functional / Advanced
Maleic anhydride,C1=CC(=O)OC1=O,98.057,7,7,7,0,1,0,43.370000000000005,20.239,0.0,0,3,3,3,0,1,0,0,36,0.3383914445416826,-0.3740000000000001,-0.3865752774787994,0.3865752774787994,0.3383914445416826,2.759543614305127,129.013897004163,5.276020881938894,3.287693700234704,4.050068027210885,1.1831255636579143,Functional / Advanced
Fumaric acid,C(=CC(=O)O)C(=O)O,116.07199999999996,8,7,8,2,0,0,74.6,24.411599999999996,0.0,2,2,4,4,2,0,0,0,44,0.3280658637591417,-0.2881999999999998,-0.4780707501605797,0.4780707501605797,0.3280658637591417,3.668626461933803,118.97373660251154,6.568914100752346,3.625897657686229,6.68,2.7879637132919783,Functional / Advanced
Maleimide,C1=CC(=O)NC1=O,97.07299999999998,7,7,7,0,1,0,46.17,22.2897,0.0,1,2,3,3,1,1,0,0,36,0.2504924587549945,-0.8010000000000002,-0.2892148012728285,0.2892148012728285,0.2504924587549945,2.759543614305127,131.76878450632643,5.276020881938894,3.287693700234704,4.050068027210885,1.1831255636579143,Functional / Advanced
Itaconic acid,C=C(CC(=O)O)C(=O)O,130.099,9,8,9,3,0,0,74.6,29.02859999999999,0.2,2,2,4,4,2,0,0,0,50,0.3310499932882109,0.1018999999999998,-0.4809831571808089,0.4809831571808089,0.3310499932882109,3.788427600543414,158.34093004940024,7.439157588755425,4.036581260209188,7.68,2.860445539297925,Functional / Advanced
Crotonic acid,CC=CC(=O)O,86.08999999999999,6,5,6,1,0,0,37.3,22.449799999999996,0.25,1,1,2,2,1,0,0,0,34,0.3274650062275723,0.6471,-0.4780821233135056,0.4780821233135056,0.3274650062275723,3.301627871993482,73.61727061434749,4.99156383156272,2.770055610029662,5.21,2.4475296912114013,Functional / Advanced
Divinyl sulfone,C=CS(=O)(=O)C=C,118.15699999999998,7,6,7,2,0,0,34.14,29.313799999999997,0.0,0,2,3,2,0,0,0,0,40,0.1913774164769799,0.6881999999999999,-0.2197943436017301,0.2197943436017301,0.1913774164769799,4.49286491192824,150.12881621111117,5.914213562373096,3.121320343559643,6.43,1.930321529429453,Functional / Advanced
Glutaraldehyde,C(CC=O)CC=O,100.117,7,6,7,4,0,0,34.14,25.97899999999999,0.6,0,2,2,2,0,0,0,0,40,0.1195035480550164,0.5545,-0.3034026882821907,0.3034026882821907,0.1195035480550164,2.679549206552144,51.100494005928034,5.535533905932738,3.414213562373095,6.339999999999999,5.34,Functional / Advanced
"Buta-1,3-diene",C=CC=C,54.09199999999999,4,3,4,1,0,0,0.0,20.393999999999995,0.0,0,0,0,0,0,0,0,0,22,-0.0700823082661021,1.3584,-0.0990867373646055,0.0990867373646055,0.0700823082661021,2.7320508075688776,21.019550008653876,3.414213562373095,1.914213562373095,3.48,2.48,Functional / Advanced
Chloroprene,C=CC(=C)Cl,88.537,5,4,5,1,0,0,0.0,25.189999999999998,0.0,0,0,1,0,0,0,0,0,28,0.0327789574774525,1.9249,-0.0976075189490983,0.0976075189490983,0.0327789574774525,3.204805417886435,54.66829050039844,4.284457050376173,2.270055610029662,4.769999999999999,2.03525198938992,Functional / Advanced
Isoprene,CC(=C)C=C,68.11900000000001,5,4,5,1,0,0,0.0,25.01099999999999,0.2,0,0,0,0,0,0,0,0,28,-0.0403835494264105,1.7485,-0.0988231071835824,0.0988231071835824,0.0403835494264105,3.204805417886435,51.058650025961626,4.284457050376173,2.270055610029662,4.480000000000002,1.767356321839081,Functional / Advanced
Norbornene,C1CC2CC1C=C2,94.15699999999998,7,8,7,0,2,0,0.0,29.970999999999982,0.7142857142857143,0,0,0,0,0,2,0,1,38,-0.0227603966194345,1.9725,-0.0851194134988006,0.0851194134988006,0.0227603966194345,2.2712003045102303,90.60593781761293,4.690234444311989,3.4494897427831783,3.7068222395822894,1.1180468774382823,Functional / Advanced
Dicyclopentadiene,C1C=CC2C1C3CC2C=C3,132.206,10,12,10,0,3,0,0.0,41.47400000000001,0.6,0,0,0,0,0,3,0,1,52,-0.0133368941547077,2.3846000000000007,-0.087908062822067,0.087908062822067,0.0133368941547077,2.0389644079043743,212.07820003461552,6.552041763877789,4.949489742783178,5.172687783025168,1.552802392011269,Functional / Advanced
Caprolactone,C1CCC(=O)OCC1,114.144,8,8,8,0,1,0,26.3,29.426999999999985,0.8333333333333334,0,2,2,2,0,1,0,1,46,0.3052775335658631,1.1036,-0.4656750027435766,0.4656750027435766,0.3052775335658631,2.26669651519302,78.52932501298082,5.819990956308912,3.893846850117352,5.603868808567603,2.698435941004364,Functional / Advanced
Lactic acid,CC(C(=O)O)O,90.078,6,5,6,1,0,0,57.53,19.3166,0.6666666666666666,2,2,3,3,2,0,0,0,36,0.3317230795714236,-0.5482,-0.4793355989963274,0.4793355989963274,0.3317230795714236,3.2575861612334887,57.058650025961626,5.154700538379252,2.6427344100918364,5.43,1.7676338396942162,Functional / Advanced
Glycolic acid,C(C(=O)O)O,76.051,5,4,5,1,0,0,57.53,14.7216,0.5,2,2,3,3,2,0,0,0,30,0.328849903557252,-0.9367,-0.479540775469483,0.479540775469483,0.328849903557252,2.847378923087672,40.1577218810798,4.284457050376173,2.270055610029662,4.43,1.7215451895043727,Functional / Advanced
Succinic acid,C(CC(=O)O)C(=O)O,118.08799999999998,8,7,8,3,0,0,74.6,24.505599999999998,0.5,2,2,4,4,2,0,0,0,46,0.3034324890882517,-0.0642000000000001,-0.4812189293153057,0.4812189293153057,0.3034324890882517,3.1818458670936187,92.60593781761293,6.568914100752346,3.625897657686229,6.94,3.009687481832753,Functional / Advanced
Tartaric acid,C(C(C(=O)O)O)(C(=O)O)O,150.08599999999998,10,9,10,3,0,0,115.06,27.285199999999996,0.5,4,4,6,6,4,0,0,0,58,0.3354265875056694,-2.1226,-0.4792396497629858,0.4792396497629858,0.3354265875056694,4.069511908932011,133.82680599646991,8.309401076758503,4.464101615137754,8.86,3.1362532686222435,Functional / Advanced
"1,6-hexanediol",C(CCCO)CCO,118.176,8,7,8,5,0,0,40.46,32.63959999999998,1.0,2,2,2,2,2,0,0,0,50,0.0430524188901144,0.5313999999999999,-0.3963765692958212,0.3963765692958212,0.0430524188901144,2.53006045688352,31.509775004326936,6.242640687119286,3.914213562373095,7.919999999999998,6.92,Functional / Advanced
"1,3-propanediol",C(CO)CO,76.095,5,4,5,2,0,0,40.46,18.7886,1.0,2,2,2,2,2,0,0,0,32,0.0452382368238775,-0.6389,-0.39628647261089,0.39628647261089,0.0452382368238775,2.19060968716425,12.36452797660028,4.121320343559642,2.414213562373095,4.920000000000001,3.92,Functional / Advanced
Diethylene glycol,C(COCCO)O,106.12099999999998,7,6,7,4,0,0,49.69,24.990599999999997,1.0,2,3,3,3,2,0,0,0,44,0.0698377090131452,-1.0124,-0.3939803248815449,0.3939803248815449,0.0698377090131452,2.447472887876344,26.115877901113382,5.535533905932738,3.414213562373095,6.880000000000001,5.88,Functional / Advanced
Triazine,C1=CN=NN=C1,81.07799999999999,6,6,6,0,1,1,38.67,19.827,0.0,0,3,3,3,0,0,1,0,30,0.0529381126250778,-0.1284,-0.1387434793805528,0.1387434793805528,0.0529381126250778,3.000000000000001,77.96100505779535,4.242640687119286,3.0,3.209600798403194,1.4474444723327795,Functional / Advanced
Melamine,C1(=NC(=NC(=N1)N)N)N,126.12300000000003,9,9,9,0,1,1,116.73,33.0642,0.0,3,6,6,6,6,0,1,0,48,0.2261102795289593,-1.3818,-0.367590742812541,0.367590742812541,0.2261102795289593,3.165670309917317,169.06517765499825,6.85337115112852,4.181540550352056,5.544952766531714,1.7312153761116047,Functional / Advanced
Formaldehyde,C=O,30.026,2,1,2,0,0,0,17.07,7.121,0.0,0,1,1,1,0,0,0,0,12,0.1063822536585417,-0.1849,-0.3070970261864102,0.3070970261864102,0.1063822536585417,2.0,2.0,2.0,1.0,1.6699999999999997,0.6700000000000002,Functional / Advanced
Aminostyrene,C1=CC=C(C=C1)C=CN,119.16699999999996,9,9,9,1,1,1,26.02,39.66340000000001,0.0,1,1,1,1,2,0,0,0,46,-0.005636399357946,1.616,-0.4045803879382718,0.4045803879382718,0.005636399357946,2.847948176415385,188.9824257604436,6.52709773749546,4.431851652578137,5.888865979381443,2.9226946894351657,Functional / Advanced
Allylamine,C=CCN,57.09599999999999,4,3,4,1,0,0,26.02,19.251400000000004,0.3333333333333333,1,1,1,1,2,0,0,0,24,0.0103744344555753,0.1311000000000001,-0.3270522846975318,0.3270522846975318,0.0103744344555753,2.2968352619191394,17.24511249783653,3.414213562373095,1.914213562373095,3.7,2.700000000000001,Functional / Advanced
Aniline,C1=CC=C(C=C1)N,93.129,7,7,7,0,1,1,26.02,30.8544,0.0,1,1,1,1,2,0,0,0,36,0.0313475925912186,1.2687999999999997,-0.3987288294865909,0.3987288294865909,0.0313475925912186,3.0214653097240864,134.10736969541455,5.112884175122364,3.393846850117352,4.18611295681063,1.6461962159398054,Functional / Advanced
Pyrrole,C1=CNC=C1,67.091,5,5,5,0,1,1,15.79,20.7927,0.0,1,0,1,1,1,0,1,0,26,0.0004958447284679,1.0147,-0.3676367128834121,0.3676367128834121,0.0004958447284679,3.1250000000000004,60.12481811269772,3.5355339059327378,2.5,2.5136448598130845,0.9307991964363704,Functional / Advanced
Thiophene,C1=CSC=C1,84.14299999999999,5,5,5,0,1,1,0.0,24.319,0.0,0,1,1,0,0,0,1,0,26,-0.009338438056026,1.7480999999999998,-0.152454341484825,0.152454341484825,0.009338438056026,3.1250000000000004,60.12481811269772,3.5355339059327378,2.5,2.9127659574468083,1.2210502489814397,Functional / Advanced
Pyridine,C1=CC=NC=C1,79.10199999999998,6,6,6,0,1,1,12.89,24.236999999999995,0.0,0,1,1,1,0,0,1,0,30,0.0267287682952611,1.0816,-0.264736970888988,0.264736970888988,0.0267287682952611,3.000000000000001,75.86113958768547,4.242640687119286,3.0,3.344174757281553,1.5525827127910268,Functional / Advanced
Imidazole,C1=CN=CN1,68.079,5,5,5,0,1,1,28.68,18.5877,0.0,1,1,2,2,1,0,1,0,26,0.0919096042606612,0.4096999999999999,-0.3511767856458538,0.3511767856458538,0.0919096042606612,3.1250000000000004,61.369930610534254,3.5355339059327378,2.5,2.4475296912114013,0.8845561128632765,Functional / Advanced
Dopamine,C1=CC(=C(C=C1CCN)O)O,153.181,11,11,11,2,1,1,66.48,42.53000000000001,0.25,3,3,3,3,4,0,0,0,60,0.1571630174094628,0.5989999999999995,-0.5042598931005379,0.5042598931005379,0.1571630174094628,2.864712197425543,247.8474159248874,8.267584713501616,5.236382105218448,7.882249488752557,3.253808596667817,Functional / Advanced
