Polymer,SMILES,HDonors,HAcceptors,Heteroatoms,NOCount,NHOHCount,AliphaticRings,AromaticHeterocycles,SaturatedRings,ValenceElectrons,MaxPartialCharge
Tetrafluoroethylene,C(=C(F)F)(F)F,0,0,4,0,0,0,0,0,36,0.33445026040008086
Vinylidene fluoride,C=C(F)F,0,0,2,0,0,0,0,0,24,0.26268886702657623
Chlorotrifluoroethylene,C(=C(F)Cl)(F)F,0,0,4,0,0,0,0,0,36,0.3169868281501571
Hexafluoropropene,C(=C(F)F)(C(F)(F)F)F,0,0,6,0,0,0,0,0,54,0.4479927713030211
Perfluoropropyl vinyl ether,C=COC(C(C(F)(F)F)(F)F)(F)F,0,1,8,1,0,0,0,0,78,0.4732349628616023
Trifluoromethacrylic acid,C=C(C(=O)O)C(F)(F)F,1,1,5,2,1,0,0,0,52,0.4222975455345759
"2,2,2-Trifluoroethanol",C(C(F)(F)F)O,1,1,4,1,1,0,0,0,38,0.41100300461617556
Caprolactam,C1CCC(=O)NCC1,1,1,2,2,1,1,0,1,46,0.21949405032902752
Adipic acid,C(CCC(=O)O)CC(=O)O,2,2,4,4,2,0,0,0,58,0.302839787989633
Hexamethylenediamine,C(CCCN)CCN,2,2,2,2,4,0,0,0,50,-0.0077275401608168015
Ethylenediamine,C(CN)N,2,2,2,2,4,0,0,0,26,0.004613277480336551
Sebacic acid,C(CCCCC(=O)O)CCCC(=O)O,2,2,4,4,2,0,0,0,82,0.3028395565321837
Dodecanedioic acid,C(CCCCCC(=O)O)CCCCC(=O)O,2,2,4,4,2,0,0,0,94,0.3028395565321837
m-Phenylenediamine,C1=CC(=CC(=C1)N)N,2,2,2,2,4,0,0,0,42,0.03341424969957052
p-Phenylenediamine,C1=CC(=CC=C1N)N,2,2,2,2,4,0,0,0,42,0.031499427610448376
Trimesoyl chloride,C1=C(C=C(C=C1C(=O)Cl)C(=O)Cl)C(=O)Cl,0,3,6,3,0,0,0,0,78,0.25193464165891394
Isophthaloyl chloride,C1=CC(=CC(=C1)C(=O)Cl)C(=O)Cl,0,2,4,2,0,0,0,0,62,0.2519099133388156
Piperazine,C1CNCCN1,2,2,2,2,2,1,0,1,36,0.0077229764777765044
Bisphenol A,CC(C)(C1=CC=C(C=C1)O)C2=CC=C(C=C2)O,2,2,2,2,2,0,0,0,88,0.11509593466592735
Bisphenol F,C1=CC(=CC=C1CC2=CC=C(C=C2)O)O,2,2,2,2,2,0,0,0,76,0.11509522304448994
Terephthalic acid,C1=CC(=CC=C1C(=O)O)C(=O)O,2,2,4,4,2,0,0,0,62,0.3351790279638539
Dimethyl terephthalate,COC(=O)C1=CC=C(C=C1)C(=O)OC,0,4,4,4,0,0,0,0,74,0.33734222015680104
Isophthalic acid,C1=CC(=CC(=C1)C(=O)O)C(=O)O,2,2,4,4,2,0,0,0,62,0.33520479982520107
Ethylene glycol,C(CO)O,2,2,2,2,2,0,0,0,26,0.06622663964681728
"1,4-butanediol",C(CCO)CO,2,2,2,2,2,0,0,0,38,0.04313700838996922
Neopentyl glycol,CC(C)(CO)CO,2,2,2,2,2,0,0,0,44,0.05035781720468142
Carbonyl dichloride,C(=O)(Cl)Cl,0,1,3,1,0,0,0,0,24,0.3130438328830007
Diphenyl carbonate,C1=CC=C(C=C1)OC(=O)OC2=CC=CC=C2,0,3,3,3,0,0,0,0,80,0.5189243309988207
Acrylic acid,C=CC(=O)O,1,1,2,2,1,0,0,0,28,0.32719811224525835
Methacrylic acid,CC(=C)C(=O)O,1,1,2,2,1,0,0,0,34,0.3301633832338257
Methyl methacrylate,CC(=C)C(=O)OC,0,2,2,2,0,0,0,0,40,0.3323269847170088
Acrylamide,C=CC(=O)N,1,1,2,2,2,0,0,0,28,0.2402973983266299
Methacrylamide,CC(=C)C(=O)N,1,1,2,2,2,0,0,0,34,0.24323298431399148
Ethyl acrylate,CCOC(=O)C=C,0,2,2,2,0,0,0,0,40,0.3296277829557422
Butyl acrylate,CCCCOC(=O)C=C,0,2,2,2,0,0,0,0,52,0.32963787572973874
2-Ethylhexyl acrylate,CCCCC(CC)COC(=O)C=C,0,2,2,2,0,0,0,0,76,0.3296480407749041
Hydroxyethyl methacrylate,CC(=C)C(=O)OCCO,1,3,3,3,1,0,0,0,52,0.3326871219576966
Hydroxypropyl acrylate,CC(CO)O.C=CC(=O)O,3,3,4,4,3,0,0,0,60,0.32719811224525835
Acrylonitrile,C=CC#N,0,1,1,1,0,0,0,0,20,0.09053137537380465
Methacrylonitrile,CC(=C)C#N,0,1,1,1,0,0,0,0,26,0.09373746952998264
Epichlorohydrin,C1C(O1)CCl,0,1,2,1,0,1,0,1,30,0.09443704728685037
Bisphenol A diglycidyl ether,CC(C)(C1=CC=C(C=C1)OCC2CO2)C3=CC=C(C=C3)OCC4CO4,0,4,4,4,0,2,0,2,132,0.11895859086927381
Glycidyl methacrylate,CC(=C)C(=O)OCC1CO1,0,3,3,3,0,1,0,1,56,0.3326995917583886
Pyromellitic dianhydride,C1=C2C(=CC3=C1C(=O)OC3=O)C(=O)OC2=O,0,6,6,6,0,0,2,0,78,0.34643150095926384
Oxydianiline,C1=CC(=CC=C1N)OC2=CC=C(C=C2)N,2,3,3,3,4,0,0,0,76,0.12707972474727325
"3,3'-Diaminobenzidine",C1=CC(=C(C=C1C2=CC(=C(C=C2)N)N)N)N,4,4,4,4,8,0,0,0,82,0.05535098760486729
Trimellitic anhydride,C1=CC2=C(C=C1C(=O)O)C(=O)OC2=O,1,4,5,5,1,1,0,0,70,0.34643066940318196
Benzophenone tetracarboxylic dianhydride,C1=CC2=C(C=C1C(=O)C3=CC4=C(C=C3)C(=O)OC4=O)C(=O)OC2=O,0,7,7,7,0,2,0,0,116,0.34642852968645566
Toluene diisocyanate,CC1=C(C=C(C=C1)N=C=O)N=C=O,0,4,4,4,0,0,0,0,64,0.24001812834621108
Isophorone diisocyanate,CC1(CC(CC(C1)(C)CN=C=O)N=C=O)C,0,4,4,4,0,1,0,1,88,0.23472652621182352
Hexamethylene diisocyanate,C(CCCN=C=O)CCN=C=O,0,4,4,4,0,0,0,0,66,0.23443646730904832
Methylene diphenyl diisocyanate,C1=CC(=CC=C1CC2=CC=C(C=C2)N=C=O)N=C=O,0,4,4,4,0,0,0,0,92,0.2400070161719085
"4,4'-Diaminodiphenyl methane",C1=CC(=CC=C1CC2=CC=C(C=C2)N)N,2,2,2,2,4,0,0,0,76,0.03136797941459703
Diphenyl sulfone,C1=CC=C(C=C1)S(=O)(=O)C2=CC=CC=C2,0,2,3,2,0,0,0,0,76,0.2060866263500249
"4,4'-Dichlorodiphenyl sulfone",C1=CC(=CC=C1S(=O)(=O)C2=CC=C(C=C2)Cl)Cl,0,2,5,2,0,0,0,0,88,0.20609013069488472
Bisphenol S,C1=CC(=CC=C1O)S(=O)(=O)C2=CC=C(C=C2)O,2,4,5,4,2,0,0,0,88,0.20609584249468893
Sulfanilic acid,C1=CC(=CC=C1N)S(=O)(=O)O,2,3,5,4,3,0,0,0,60,0.29401305934407607
Oxirane,C1CO1,0,1,1,1,0,1,0,1,18,0.07011439546557022
Propylene oxide,CC1CO1,0,1,1,1,0,1,0,1,24,0.07814240064803764
Tetrahydrofuran,C1CCOC1,0,1,1,1,0,1,0,1,30,0.046638169849841704
Glycerol,C(C(CO)O)O,3,3,3,3,3,0,0,0,38,0.10004702601723478
Sorbitol,C(C(C(C(C(CO)O)O)O)O)O,6,6,6,6,6,0,0,0,74,0.11057860653131252
"N,N-Dimethylacrylamide",CN(C)C(=O)C=C,0,1,2,2,0,0,0,0,40,0.2449359002565977
Vinyl acetate,CC(=O)OC=C,0,2,2,2,0,0,0,0,34,0.30691520483941015
Vinyl chloride,C=CCl,0,0,1,0,0,0,0,0,18,-0.0029594085237178614
Vinyl alcohol,C=CO,1,1,1,1,1,0,0,0,18,0.07193472871452725
Vinylpyrrolidone,C=CN1CCCC1=O,0,1,2,2,0,1,0,1,44,0.22605511745911974
Vinylidene chloride,C=C(Cl)Cl,0,0,2,0,0,0,0,0,24,0.09918403887268369
Styrene,C=CC1=CC=CC=C1,0,0,0,0,0,0,0,0,40,-0.02625578937784246
Maleic anhydride,C1=CC(=O)OC1=O,0,3,3,3,0,1,0,0,36,0.33839144454168263
Fumaric acid,C(=CC(=O)O)C(=O)O,2,2,4,4,2,0,0,0,44,0.32806586375914176
Maleimide,C1=CC(=O)NC1=O,1,2,3,3,1,1,0,0,36,0.2504924587549945
Itaconic acid,C=C(CC(=O)O)C(=O)O,2,2,4,4,2,0,0,0,50,0.33104999328821094
Crotonic acid,CC=CC(=O)O,1,1,2,2,1,0,0,0,34,0.3274650062275723
Divinyl sulfone,C=CS(=O)(=O)C=C,0,2,3,2,0,0,0,0,40,0.19137741647697992
Glutaraldehyde,C(CC=O)CC=O,0,2,2,2,0,0,0,0,40,0.11950354805501646
"Buta-1,3-diene",C=CC=C,0,0,0,0,0,0,0,0,22,-0.07008230826610218
Chloroprene,C=CC(=C)Cl,0,0,1,0,0,0,0,0,28,0.03277895747745258
Isoprene,CC(=C)C=C,0,0,0,0,0,0,0,0,28,-0.040383549426410544
Hexamethylcyclotrisiloxane,C[Si]1(O[Si](O[Si](O1)(C)C)(C)C)C,0,3,6,3,0,1,0,1,72,0.3136364111885626
Octamethylcyclotetrasiloxane,C[Si]1(O[Si](O[Si](O[Si](O1)(C)C)(C)C)(C)C)C,0,4,8,4,0,1,0,1,96,0.3136364111885626
Norbornene,C1CC2CC1C=C2,0,0,0,0,0,2,0,1,38,-0.022760396619434516
Dicyclopentadiene,C1C=CC2C1C3CC2C=C3,0,0,0,0,0,3,0,1,52,-0.013336894154707757
Alginate,C1(C(C(OC(C1O)O)C(=O)[O-])O)O,4,7,7,7,4,1,0,1,76,0.18393099871668545
Caprolactone,C1CCC(=O)OCC1,0,2,2,2,0,1,0,1,46,0.3052775335658631
Lactic acid,CC(C(=O)O)O,2,2,3,3,2,0,0,0,36,0.3317230795714236
Glycolic acid,C(C(=O)O)O,2,2,3,3,2,0,0,0,30,0.328849903557252
Succinic acid,C(CC(=O)O)C(=O)O,2,2,4,4,2,0,0,0,46,0.30343248908825177
Tartaric acid,C(C(C(=O)O)O)(C(=O)O)O,4,4,6,6,4,0,0,0,58,0.33542658750566945
"1,6-hexanediol",C(CCCO)CCO,2,2,2,2,2,0,0,0,50,0.0430524188901144
"1,3-propanediol",C(CO)CO,2,2,2,2,2,0,0,0,32,0.045238236823877565
Diethylene glycol,C(COCCO)O,2,3,3,3,2,0,0,0,44,0.06983770901314526
Triethylene glycol,C(COCCOCCO)O,2,4,4,4,2,0,0,0,62,0.07011417636253671
Triazine,C1=CN=NN=C1,0,3,3,3,0,0,1,0,30,0.05293811262507788
Melamine,C1(=NC(=NC(=N1)N)N)N,3,6,6,6,6,0,1,0,48,0.2261102795289593
Urea,C(=O)(N)N,2,1,3,3,4,0,0,0,24,0.309056401422831
Formaldehyde,C=O,0,1,1,1,0,0,0,0,12,0.10638225365854179
Aminostyrene,C1=CC=C(C=C1)C=CN,1,1,1,1,2,0,0,0,46,-0.005636399357946055
Allylamine,C=CCN,1,1,1,1,2,0,0,0,24,0.010374434455575399
